"ID","Count","overlap","Size","pvalue","padj"
"HALLMARK_ADIPOGENESIS",225,"Abca1,Abca12,Abca13,Abca17,Abca2,Abca4,Abca7,Abcb8,Acaa2,Acadl,Acadm,Acads,Acly,Aco2,Acox1,Adcy1,Adcy2,Adcy3,Adcy5,Adcy6,Adcy7,Adcy8,Adig,Adipor2,Agpat3,Agpat4,Ak2,Aldh1a1,Aldh1a2,Aldh1a3,Aldh1a7,Aldh1b1,Aldh2,Angpt1,Angptl4,Aplp2,Apoe,Arl4a,Atl1,Atl2,Atl3,Baz2a,Bckdha,Bcl2l13,Braf,C3,C4b,Cat,Cavin1,Ccng2,Cd302,Cd36,Cdkn2c,Chat,Chuk,Cidea,Cmpk1,Col15a1,Col4a1,Col4a3,Col4a6,Coq3,Coq5,Cox6a1,Cox7b2,Cpt2,Crat,Cs,Cyc1,Cyp4a10,Cyp4a12a,Cyp4a12b,Cyp4a14,Cyp4a29,Cyp4a30b,Cyp4a31,Cyp4a32,Cyp4b1,Cyp4x1,Dbt,Decr1,Dgat1,Dhcr7,Dhrs7,Dhrs7b,Dlat,Dld,Dnajc15,Dram2,Echs1,Elmod3,Elovl6,Enpp1,Enpp2,Enpp3,Ephx2,Esrra,Esyt1,Etfb,Fah,G3bp2,Ghitm,Gpam,Gpat3,Gpat4,Gpd2,Gphn,Gpx4,Grpel1,Hadh,Hc,Hibch,Hspb8,Idh1,Idh2,Idh3a,Ifngr1,Ikbkb,Immt,Itga3,Itga6,Itga7,Itih5,Itsn2,Lama1,Lama2,Lama3,Lama4,Lama5,Lep,Lpcat3,Lpl,Map4k2,Map4k3,Map4k5,Mdh2,Me1,Me2,Me3,Mgst3,Miga2,Mpst,Mrap,Mrpl15,Mtarc1,Mtarc2,Mtch2,Nabp1,Ndufa5,Ndufs3,Nmt1,Nmt2,Orm2,Pdcd4,Pemt,Pex14,Pfkfb2,Pfkfb3,Pfkfb4,Pfkl,Pfkm,Pfkp,Pgm1,Pgm5,Phldb1,Phyh,Pim1,Pim3,Plin2,Pmp2,Por,Ppm1b,Ppm1n,Ppp1r15b,Prdx3,Preb,Ptcd3,Ptger3,Qdpr,Rab34,Raf1,Reep5,Retn,Retsat,Riok3,Rmdn3,Rnf11,Rreb1,Rtn3,Samm50,Scarb1,Scarb2,Scp2,Sdhb,Sdhc,Slc19a1,Slc19a2,Slc1a5,Slc25a10,Slc27a1,Slc27a4,Slc5a6,Sod1,Sorbs1,Sowahc,Sparcl1,Sqor,Sspn,Stat5a,Stat5b,Stom,Stoml3,Suclg1,Taldo1,Tank,Tob1,Tspan11,Ubc,Ubqln1,Uck1,Uck2,Ucp2,Uqcr11,Ywhag,Ywhah",265,1,1
"HALLMARK_ALLOGRAFT_REJECTION",187,"Abcb9,Abce1,Abi1,Abi2,Ache,Acvr2a,Acvr2b,Akt1,Akt2,Akt3,Apbb1,Bcat1,Bche,Bcl10,Bcl3,Blk,Brca1,C2,Capg,Ccl5,Ccl7,Ccnd1,Ccnd2,Ccnd3,Cd1d2,Cd2,Cd247,Cd28,Cd3e,Cd3g,Cd4,Cd40,Cd79a,Cd8a,Cd8b1,Cdkn2a,Cfb,Chuk,Crtam,Csf1,Csk,Ctsk,Ctss,Cxcl13,Cxcl15,Cxcl9,Degs1,Degs2,Dyrk2,Dyrk3,Egfr,Eif3a,Eif3d,Eif3j1,Eif4g1,Eif4g3,Eif5a,Elane,Erbb2,Erbb3,Erbb4,Ets1,F2,Fas,Fasl,Fcgr2b,Fcgr3,Fgr,Flnb,Flnc,Fyn,Galnt1,Galnt13,Gbp11,Gbp2,Gbp2b,Gbp3,Gbp5,Gbp7,Gbp8,Gcnt1,Gpr65,Gzmg,Gzmn,H2-DMa,H2-DMb2,H2-M10.3,H2-M10.6,H2-M11,H2-M2,H2-M9,H2-Ob,H2-Q1,H2-Q10,H2-Q4,H2-Q6,H2-T22,Hck,Hdac4,Hdac5,Hdac7,Hdac9,Icam1,Icam5,Icosl,Ifnar2,Ifng,Ifngr1,Ifngr2,Ikbkb,Il11,Il12rb1,Il15,Il16,Il18,Il18rap,Il27ra,Il2ra,Il2rb,Il7,Inhba,Irf4,Itgb2,Itgb3,Itgb5,Itgb6,Itgb7,Jak1,Jak2,Jak3,Krt2,Lck,Lif,Ly75,Ly86,Lyn,Map3k7,Map4k1,Mcpt8,Mmp9,Mrc1,Mrc2,Mtif2,Ncf4,Nlrp12,Nlrp1a,Nlrp1b,Nlrp3,Nos1,Nos2,Nos3,Pf4,Pla2r1,Prkca,Prkcb,Prkcg,Prtn3,Ptpn11,Ptpn6,Ptprc,Ripk2,Rpl39l,Rpl9,Rps3a1,Rps9,Socs5,Spi1,Src,Srgn,Stat1,Stat3,Stat4,Syk,Tgfb1,Tgfb2,Tlr1,Tlr3,Tlr6,Tnf,Tnfrsf23,Tpd52,Traf2,Ube2d1,Ube2n,Wasl,Yes1,Zap70",285,1,1
"HALLMARK_ANDROGEN_RESPONSE",138,"Abcc1,Abcc10,Abcc12,Abcc2,Abcc3,Abcc4,Abcc5,Abcc6,Abcc8,Abcc9,Abhd2,Acsl3,Actn1,Actn2,Actn3,Actn4,Adamts15,Adamts20,Adamts4,Adamts5,Adamts8,Adamts9,Akap12,Akt1,Akt2,Akt3,Aldh1a1,Aldh1a2,Aldh1a3,Aldh1a7,Aldh1b1,Aldh2,Appbp2,Arid5b,Axl,Azgp1,B4galt1,Bmpr1a,Bmpr1b,Camkk1,Camkk2,Ccnd1,Ccnd2,Ccnd3,Cdc14b,Cdk6,Cilk1,Dbi,Dhcr24,Elk4,Elovl2,Elovl5,Fads1,Fads2,Fads2b,Fads3,Fkbp5,Gnai1,Gnai2,Gnai3,Gsr,Gucy1a1,H1f0,Herc3,Herc4,Herc6,Homer2,Hpgd,Hsd17b14,Inpp4a,Inpp4b,Itga2b,Itga5,Itga8,Itgav,Klk1b11,Klk1b16,Klk1b21,Klk1b26,Klk1b4,Klk1b9,Krt19,Lman1,Lman1l,Mak,Map7,Mertk,Myl12b,Ncoa4,Ndrg1,Oxsr1,Pa2g4,Pdlim5,Pdlim7,Pgm3,Pias1,Pias2,Pias3,Pmepa1,Ptk2,Ptk2b,Ptpn14,Ptpn21,Rab4a,Rab4b,Rps6ka1,Rps6ka2,Rps6ka3,Rps6ka6,Rrp12,Scd1,Scd2,Scd4,Sec24c,Sec24d,Sgk1,Slc38a2,Sms,Sord,Spdef,Srf,Steap4,Stk39,Tmem50a,Tmem50b,Tmprss2,Tmprss3,Tpd52,Tsc22d1,Tyro3,Uap1,Ube2j1,Vapa,Xrcc5,Xrcc6,Zbtb10,Zmiz1,Zmiz2",165,1,1
"HALLMARK_ANGIOGENESIS",43,"Apoh,App,Ccnd1,Ccnd2,Ccnd3,Clec2m,Col1a2,Col2a1,Col3a1,Col5a2,Cxcl15,Fgfr1,Fgfr2,Fgfr3,Fgfr4,Itga2b,Itga5,Itga8,Itgav,Jag1,Jag2,Kcnj8,Lpl,Lrpap1,Msx2,Nrp1,Nrp2,Olr1,Pdgfa,Pf4,Pglyrp1,Postn,Prg2,Prg3,Ptk2,Ptk2b,Tnfrsf21,Vav1,Vav2,Vav3,Vegfa,Vtn,Wdr33",54,1,1
"HALLMARK_APICAL_JUNCTION",269,"Acta2,Actb,Actg2,Actn1,Actn2,Actn3,Actn4,Adam11,Adam22,Adam23,Adam9,Adamts15,Adamts20,Adamts4,Adamts5,Adamts8,Adamts9,Akt1,Akt2,Akt3,Alox12b,Alox5,Aloxe3,Amh,Amigo2,Arhgef6,Arhgef7,Arpc2,Arvcf,Atp12a,Atp1a1,Atp1a3,Atp1a4,Atp4a,B4galt1,Baiap2,Blk,Bmp1,Cadm3,Cap1,Cd209a,Cd209b,Cd209c,Cd209d,Cd274,Cd276,Cdh1,Cdh2,Cdh3,Cdh4,Cdk19,Cdk8,Cdsn,Cercam,Chat,Chl1,Cldn14,Cldn15,Cldn7,Cntn1,Cntn2,Cntn3,Cntn4,Cntn5,Cntn6,Col16a1,Col17a1,Col9a1,Colgalt1,Colgalt2,Comp,Crat,Ctnnb1,Ctnnd1,Dhx15,Dhx35,Dhx38,Dhx8,Dmp1,Dsc1,Dsc2,Dsc3,Egfr,Epb41,Epb41l2,Epb41l3,Erbb2,Erbb3,Erbb4,Evl,Exoc4,Ezr,Fbn1,Fbn2,Fgr,Flnb,Flnc,Fscn1,Fscn2,Fyn,Gamt,Gm5150,Gnai1,Gnai2,Gnai3,Grb7,Gtf2f1,Hadh,Hck,Hras,Icam1,Icam2,Icam5,Inpp5d,Inppl1,Irs1,Irs3,Itga1,Itga10,Itga11,Itga2,Itga3,Itga6,Itga7,Itgb2,Itgb3,Itgb4,Itgb5,Itgb6,Itgb7,Jam3,Jup,Kcnh2,Kcnh6,Kcnh7,Krt31,Krt34,Lama1,Lama2,Lama3,Lama4,Lama5,Lamb3,Lamc1,Lamc2,Lamc3,Layn,Lck,Ldlrap1,Lima1,Lsamp,Lyn,Madcam1,Map3k20,Map4k2,Map4k3,Map4k5,Mapk12,Mapk13,Mapk14,Mmp9,Mpzl1,Mpzl2,Muc5ac,Muc5b,Myh1,Myh10,Myh11,Myh13,Myh14,Myh15,Myh2,Myh3,Myh4,Myh6,Myh7b,Myh8,Myh9,Myl12b,Neb,Nectin1,Nectin2,Nectin4,Negr1,Nexn,Nf1,Nf2,Nfasc,Nlgn1,Nlgn2,Nrap,Nrcam,Nrxn1,Nrxn2,Nrxn3,Pard6b,Pard6g,Parva,Parvb,Pecam1,Pik3r1,Pik3r2,Pik3r3,Plcg1,Plcg2,Ppp2r2a,Ppp2r2b,Ppp2r2c,Ppp2r2d,Pten,Ptk2,Ptk2b,Ptprc,Pvr,Rac2,Rdx,Rhof,Rras,Rsu1,Sdc3,Sgce,Shc1,Shroom2,Sirpa,Sirpb1a,Sirpb1b,Sirpb1c,Skap2,Slc30a3,Slit1,Slit2,Slit3,Sorbs3,Speg,Src,Syk,Sympk,Thbs1,Thbs2,Thbs4,Tia1,Tial1,Tjp1,Tjp2,Tjp3,Tll1,Tll2,Tmem8b,Tnfrsf11b,Traf1,Tsc1,Tspan4,Tspan9,Tubg1,Tubg2,Vasp,Vav1,Vav2,Vav3,Vcam1,Vcl,Vwf,Wasl,Wnk4,Yes1,Ywhag,Ywhah,Zap70,Zyx",321,1,1
"HALLMARK_APICAL_SURFACE",81,"Adam10,Adipor2,Afap1l2,Akap7,App,Atp11a,Atp11b,Atp11c,Atp6v0a1,Atp6v0a2,Atp6v0a4,Atp8a1,Atp8a2,Atp8b1,Atp8b2,Atp8b3,Atp8b4,Atp8b5,B4galt1,Blk,Brca1,Cd160,Crocc,Crybg1,Epha1,Epha10,Epha2,Epha3,Epha4,Epha5,Epha6,Epha7,Epha8,Ephb1,Ephb2,Ephb3,Ephb4,Ephb6,Fgr,Flot2,Fyn,Gata2,Gata3,Gstm2,Gstm3,Gstm4,Gstm6,Gstm7,Hck,Il2rb,Lck,Lyn,Lypd3,Mal,Mdga1,Mdga2,Ncoa6,Ntng1,Ntng2,Pcsk9,Pkhd1,Pkhd1l1,Plaur,Rhbg,Rhcg,Rtn4rl1,Rtn4rl2,Scube1,Scube2,Scube3,Shroom2,Slc22a22,Slc2a1,Slc2a4,Slc34a3,Src,Sulf1,Sulf2,Tcirg1,Tmem8b,Yes1",89,1,1
"HALLMARK_APOPTOSIS",156,"2200002J24Rik,Add1,Add2,Add3,Aen,Aifm3,App,Atf3,Avil,Bcl10,Bcl2l1,Bcl2l10,Bcl2l11,Bid,Bik,Birc2,Birc3,Bmf,Bmp2,Bnip3l,Bnip3l-ps,Brca1,Bst1,Btg1,Btg3,Casp1,Casp2,Casp3,Casp4,Casp6,Casp7,Casp8,Casp9,Ccna1,Ccnd1,Ccnd2,Ccnd3,Cd2,Cd38,Cd44,Cd69,Cdc25b,Cdk2,Cdkn1a,Cdkn1b,Cflar,Clu,Cth,Dap3,Dcn,Dffa,Diablo,Dnaja1,Dnajc3,Dnm1l,Dpyd,Egfr,Egr3,Emp1,Eno1,Eno2,Eno3,Erbb2,Erbb3,Erbb4,F2,Fas,Fasl,Fez1,Gch1,Gna15,Gpx4,Gsn,Gsr,Gstm2,Gstm3,Gstm4,Gstm6,Gstm7,Gucy2d,Gucy2e,H1f0,Hgf,Ifnb1,Ifngr1,Igf2r,Igfbp6,Il18,Isg20,Lef1,Lgals3,Lmna,Lmnb1,Lmnb2,Madd,Mcl1,Mgmt,Naip1,Naip2,Naip5,Naip6,Nedd9,Nefh,Nefm,Pak1,Pak2,Pak3,Pdcd4,Pea15a,Plat,Plcb1,Plcb2,Plcb3,Plcb4,Plppr4,Pmaip1,Ppp2r5a,Ppp2r5b,Ppp2r5d,Ppp2r5e,Ppp3r1,Ppt1,Psen1,Psen2,Ptk2,Ptk2b,Rara,Rarb,Rarg,Rela,Retsat,Rhob,Rnasel,Rock1,Rock2,Scin,Slc20a1,Slc20a2,Smad6,Smad7,Sod1,Sod2,Spta1,Sptan1,Tgfb2,Tgfbr3,Timp2,Tnf,Tnfrsf23,Top2a,Top2b,Tspo,Vdac2,Vil1,Vill,Xiap",206,1,1
"HALLMARK_BILE_ACID_METABOLISM",138,"Abca1,Abca12,Abca13,Abca17,Abca2,Abca4,Abca5,Abca6,Abca7,Abca8a,Abca8b,Abca9,Abcd2,Abcd3,Abcg1,Abcg4,Abcg8,Acsl1,Acsl5,Acsl6,Agxt,Akr1d1,Aldh1a1,Aldh1a2,Aldh1a3,Aldh1a7,Aldh1b1,Aldh2,Aldh8a1,Aldh9a1,Apoa1,Aqp9,Ar,Atxn1,Bbox1,Bcar3,Blk,Bmp6,Cat,Ch25h,Crot,Cyp27a1,Cyp39a1,Cyp46a1,Cyp7a1,Cyp7b1,Dhcr24,Dio1,Dio2,Efhc1,Ephx2,Fads1,Fads2,Fads2b,Fads3,Fgr,Fyn,Gc,Gclm,Gnmt,Gnpat,Hao1,Hck,Hsd17b11,Hsd17b13,Hsd17b6,Hsd3b3,Hsd3b6,Idh1,Idh2,Lck,Lyn,Nedd4,Nedd4l,Npc1,Npc1l1,Nr0b2,Nr1h4,Nr3c2,Optn,Paox,Pecr,Pex1,Pex11a,Pex12,Pex13,Pex16,Pex19,Pex26,Pex6,Pex7,Pfkl,Pfkm,Pfkp,Phyh,Pipox,Pnpla8,Prdx5,Rdh1,Rdh16,Rdh16f2,Rdh19,Rdh7,Retsat,Rxra,Rxrg,Scp2,Serpina6,Slc22a18,Slc23a1,Slc23a2,Slc27a2,Slc27a5,Slc27a6,Slco1a1,Slco1a4,Slco1a5,Slco1a6,Slco1b2,Slco1c1,Soat2,Sod1,Src,Sult1b1,Sult2a1,Sult2a2,Sult2a3,Sult2a4,Sult2a5,Sult2a6,Sult2a7,Sult2a8,Sult2b1,Tfcp2,Tfcp2l1,Ttr,Ubp1,Yes1",158,1,1
"HALLMARK_CHOLESTEROL_HOMEOSTASIS",84,"Abca1,Abca12,Abca13,Abca17,Abca2,Abca4,Abca7,Acat2,Acat3,Acss2,Acta2,Actb,Actg2,Adh1,Adh4,Adh5,Adh6a,Adh6b,Aldoc,Antxr2,Anxa13,Anxa5,Atf3,Atf5,Atxn2,Cbs,Cd9,Chka,Clu,Cpeb2,Cpeb4,Cyp51,Dhcr7,Errfi1,Ethe1,Fabp5,Fads1,Fads2,Fads2b,Fads3,Fasn,Fbxo44,Fbxo6,Fdft1,Fdps,Gldc,Gnai1,Gnai2,Gnai3,Gstm2,Gstm3,Gstm4,Gstm6,Gstm7,Gusb,Hsd17b7,Jag1,Jag2,Ldlr,Lgals3,Lgmn,Lpl,Lrp8,Lss,Mal2,Mvk,Nfil3,Niban1,Pcyt2,Plaur,Pmvk,Pnrc1,S100a11,Scd1,Scd2,Scd4,Sqle,Srebf1,Srebf2,Stx5a,Tm7sf2,Tmem97,Trib3,Trp53inp1",105,1,1
"HALLMARK_COAGULATION",179,"4930486L24Rik,A2m,A2ml1,Adam9,Ang2,Ang4,Apoa1,Apoc1,Apoc2,Apoc3,Avil,Blk,Bmp1,C1qa,C1ra,C1rb,C1s1,C1s2,C2,C3,C4b,C6,C7,C8a,C8b,C9,Capn1,Capn11,Capn2,Capn5,Capn8,Capn9,Casp9,Cd9,Cfb,Cfh,Cfhr1,Cfhr2,Cfhr4,Cfi,Clec2m,Clu,Comp,Cpb2,Cpn1,Cpq,Crip2,Csrp1,Ctsb,Ctse,Ctsh,Ctsk,Ctsl,Ctsm,Ctso,Ctss,Cxcl15,Dcbld1,Dct,Dpp4,Dusp14,Dusp7,F10,F11,F13b,F2,F3,F9,Fap,Fbn1,Fbn2,Fga,Fgr,Fn1,Furin,Fyn,Gda,Gm19410,Gm7298,Gnb1,Gnb4,Gng12,Gp1ba,Gsn,Hc,Hck,Hmgcs2,Hnf4a,Hnf4g,Hpn,Htra3,Itgb2,Itgb3,Itgb5,Itgb6,Itgb7,Klf7,Klkb1,Lamp2,Lck,Lefty1,Lefty2,Lgmn,Lrp1,Lrp1b,Lrp2,Lrp4,Lrp5,Lrp6,Lta4h,Lyn,Maff,Masp2,Mep1a,Mmp10,Mmp11,Mmp14,Mmp15,Mmp16,Mmp1a,Mmp24,Mmp8,Mmp9,Msrb2,Muc5ac,Muc5b,Mug1,Mug2,Olr1,Pcsk4,Pcsk5,Pcsk6,Pdgfb,Pecam1,Pef1,Pf4,Plat,Plau,Plek,Plg,Prep,Proc,Proz,Prss23,Pzp,Rabif,Rac1,Rapgef3,Rapgef4,S100a1,S100a13,Scin,Serpina16,Serpina1a,Serpina1b,Serpina1c,Serpina1e,Serpina1f,Serpinb2,Serpinc1,Serpine1,Serping1,Sh2b2,Sirt2,Src,Tfpi2,Thbs1,Thbs2,Thbs4,Tll1,Tll2,Tmprss6,Usp15,Usp4,Vil1,Vill,Vwf,Wdr1,Yes1",211,1,1
"HALLMARK_COMPLEMENT",244,"4930486L24Rik,Actn1,Actn2,Actn3,Actn4,Adam9,Akap10,Ang2,Ang4,Anxa5,Apoa4,Apobec3,Apoc1,BC051665,Blk,Brd1,Brpf3,C1qa,C1qc,C1ra,C1rb,C1s1,C1s2,C2,C3,C4b,Calm1,Calm2,Calm3,Car2,Casp1,Casp3,Casp4,Casp7,Casp9,Ccl5,Cd36,Cd46,Cd55,Cd55b,Cd59a,Cd59b,Cda,Cfb,Cfh,Cfhr1,Cfhr2,Cfhr4,Clec2m,Clu,Col4a1,Col4a2,Col4a6,Cpm,Cpq,Cr1l,Cr2,Csrp1,Cts6,Cts7,Cts8,Ctsb,Ctsc,Ctsh,Ctsk,Ctsl,Ctsm,Ctso,Ctsr,Ctss,Cxcl15,Dcbld1,Dgkd,Dgkh,Dock1,Dock10,Dock2,Dock3,Dock4,Dock5,Dock6,Dock7,Dock8,Dock9,Dpp4,Dusp5,Dusp7,Dyrk2,Dyrk3,Ehd1,Ehd2,Ehd3,Ehd4,F10,F11,F2,F3,F5,F7,F9,Fap,Fcnb,Fdx1,Fgr,Fn1,Fyn,Gata2,Gata3,Gca,Gm19410,Gmfb,Gmfg,Gnai1,Gnai2,Gnai3,Gnb1,Gnb4,Gng2,Gp1ba,Gpd2,Grap,Grb2,Gzmg,Gzmn,Hc,Hck,Hnf4a,Hnf4g,Hpcal4,Hspa1a,Hspa1l,Hspa5,Hspa8,Irf2,Jak1,Jak2,Jak3,Kcnip2,Kcnip3,Klk1b11,Klk1b16,Klk1b21,Klk1b26,Klk1b4,Klk1b9,Klkb1,Krt20,Kynu,L3mbtl3,L3mbtl4,Lamp2,Lap3,Lck,Lgals3,Lgmn,Lipa,Lipo1,Lipo3,Lipo4,Lrp1,Lrp1b,Lrp2,Lrp4,Lrp5,Lrp6,Lta4h,Lyn,Maff,Mcpt8,Me1,Me2,Me3,Mmp12,Mmp13,Mmp14,Mmp15,Mmp16,Mmp1a,Mmp24,Mmp8,Notch1,Notch2,Notch3,Notch4,Olr1,Pclo,Pcsk9,Pdgfb,Pdp1,Phex,Pik3cg,Pik3r5,Pim1,Pim3,Pla2g4a,Pla2g7,Plat,Plaur,Plek,Plg,Ppp2ca,Ppp2cb,Prcp,Prdm4,Prep,Psen1,Psmb9,Rabif,Rasgrp1,Rasgrp3,Rce1,Rhog,S100a13,Scg3,Serpina16,Serpina1a,Serpina1b,Serpina1c,Serpina1e,Serpina1f,Serpinb2,Serpinc1,Serpine1,Serping1,Sh2b3,Spock2,Src,Tfpi2,Timp2,Tmprss6,Tnfaip3,Try5,Usp14,Usp15,Usp16,Usp4,Usp8,Vcpip1,Wasl,Xpnpep1,Yes1,Zeb1,Zeb2,Zfpm2",311,1,1
"HALLMARK_DNA_REPAIR",122,"Aaas,Ada,Adcy1,Adcy2,Adcy3,Adcy5,Adcy6,Adcy7,Adcy8,Ago1,Ago2,Ago3,Ago4,Ak3,Ak4,Alyref,Bcam,Bivm,Cant1,Cda,Clp1,Cmpk2,Cstf3,Dad1,Ddb1,Ddb2,Dgcr8,Dguok,Dut,Ell,Eloa,Ercc1,Ercc2,Ercc3,Ercc5,Fen1,Gm45928,Gm4799,Gmpr2,Gpx4,Gsdme,Gtf2a2,Gtf2f1,Gtf2h1,Gtf2h3,Gtf2h5,Gtf3c5,Impdh2,Itpa,Lig1,Mpc2,Nelfcd,Nelfe,Nfx1,Npr1,Npr2,Nt5c,Nt5c3,Nt5c3b,Nt5m,Pcna,Pde4a,Pde4b,Pde4c,Pde4d,Pde6h,Pnp,Pnp2,Pola1,Pola2,Polb,Pold1,Pold3,Pole4,Polh,Poll,Polr1d,Polr2a,Polr2d,Polr2e,Polr2f,Polr2g,Polr3c,Polr3gl,Pom121,Prim1,Rad51,Rad52,Rae1,Rala,Rbx1,Rev3l,Rfc2,Rfc5,Rnf7,Rnmt,Rpa2,Rpa3,Rrm2,Rrm2b,Sdcbp,Sf3a3,Srsf4,Srsf6,Ssrp1,Stx3,Supt4a,Supt5,Taf10,Taf12,Taf13,Taf6,Tarbp2,Tonsl,Trp53,Tsg101,Tyms,Usp15,Usp4,Vps37b,Vps37d,Zwint",175,1,1
"HALLMARK_E2F_TARGETS",174,"Ak2,Anp32e,Asf1b,Atad2,Atad2b,Aurkb,Aurkc,Bard1,Birc5,Brca1,Brca2,Brms1l,Bub1b,Cbx5,Ccnb2,Ccne1,Cdc20,Cdc25b,Cdca8,Cdk1,Cdk4,Cdkn1a,Cdkn1b,Cdkn2a,Cdkn2c,Cenpe,Cenpm,Chek1,Chek2,Cit,Cks1brt,Cks2,Cse1l,Ctps2,Dck,Dek,Depdc1a,Diaph2,Diaph3,Dlgap5,Dnmt1,Donson,Dscc1,Dut,E2f8,Eed,Eif2s1,Espl1,Exosc8,Ezh1,Ezh2,Fhad1,Gins1,Gins4,H2ac22,H2ac23,H2ax,H2az2,Hells,Hmga1,Hmga2,Hnrnpd,Hnrnpr,Hus1,Ilf3,Ing3,Ipo8,Jpt1,Kif18b,Kif2a,Kif2c,Kpna2,Lbr,Lig1,Luc7l3,Lyar,Mad2l1,Mcm3,Mcm5,Mcm6,Mcm7,Melk,Mki67,Mms22l,Mre11a,Msh2,Mthfd2,Mybl1,Mybl2,Myc,Nap1l1,Nasp,Nbn,Ncapd2,Nolc1,Nop56,Nup107,Nup153,Nup205,Orc2,Pa2g4,Paics,Pan2,Pcna,Pds5a,Pds5b,Phf5a,Plk4,Pnn,Pola2,Pold1,Pold2,Pold3,Pole,Pole4,Ppm1d,Ppp1r8,Prim2,Prkdc,Prps1l3,Prps2,Psip1,Racgap1,Rad21,Rad51ap1,Rad51c,Ranbp1,Rbbp4,Rfc1,Rfc2,Rpa1,Rpa2,Rpa3,Rrm2,Rrm2b,Shmt1,Shmt2,Slbp,Smc1b,Smc3,Smc6,Snrpb,Snrpn,Spag5,Spc25,Ssrp1,Stmn1,Strbp,Syncrip,Tacc3,Tbrg4,Tcf19,Timeless,Tipin,Tmpo,Top2a,Top2b,Trp53,Tubb1,Tubb2a,Tubb2b,Tubb3,Tubb5,Tubb6,Tubg1,Tubg2,Ube2s,Ube2t,Ubr7,Ung,Usp1,Xpo1,Xrcc6,Zw10",243,1,1
"HALLMARK_EPITHELIAL_MESENCHYMAL_TRANSITION",219,"Acta2,Actb,Actg2,Adam12,Adam19,Anpep,Aplp1,Areg,Bdnf,Bmp1,Cadm1,Cald1,Calu,Cap2,Capg,Ccn1,Ccn2,Cd44,Cd59a,Cd59b,Cdh1,Cdh2,Cdh3,Cdh4,Cercam,Col11a1,Col12a1,Col14a1,Col16a1,Col1a2,Col2a1,Col3a1,Col4a1,Col4a2,Col4a3,Col4a6,Col5a1,Col5a2,Col5a3,Col6a1,Col6a2,Col6a3,Col6a4,Col6a5,Col6a6,Col8a2,Colgalt1,Colgalt2,Comp,Copa,Copb2,Crlf1,Cthrc1,Cxcl12,Cxcl15,Dcn,Dkk1,Dpp4,Dsp,Dst,Ecm1,Efemp2,Eln,Emp3,Eno1,Eno2,Eno3,Fap,Fas,Fbln1,Fbln5,Fbn1,Fbn2,Fermt2,Fermt3,Fgf2,Flnb,Flnc,Fmod,Fn1,Fstl3,Fzd5,Gem,Gja1,Glipr1,Glipr1l1,Glipr1l3,Gm19410,Gpc1,Gpx7,Grem1,Htra3,Id2,Igfbp2,Igfbp3,Igfbp5,Igsf10,Il15,Inhba,Inmt,Itga2b,Itga5,Itga8,Itgav,Itgb2,Itgb3,Itgb5,Itgb6,Itgb7,Lama1,Lama2,Lama3,Lama4,Lama5,Lamc1,Lamc2,Lamc3,Loxl2,Loxl3,Loxl4,Lrp1,Lrp1b,Lrp2,Lrp4,Lrp5,Lrp6,Macf1,Magee1,Matn2,Matn3,Mcm7,Mest,Mfap5,Mgp,Mmp10,Mmp14,Mmp15,Mmp16,Mmp1a,Mmp24,Mmp8,Msx2,Nectin2,Nid2,Nnmt,Notch1,Notch2,Notch3,Notch4,Nt5e,Ntm,Ntn1,Ntn3,Opcml,P3h1,P3h2,Plaur,Plec,Plod1,Plod2,Pmepa1,Pmp22,Postn,Prph,Prrx1,Prrx2,Pvr,Qsox1,Rhob,Sdc1,Sdc4,Serpine1,Serpine2,Serpinh1,Sfrp1,Sfrp4,Sfrp5,Sgcb,Sgcd,Sgcg,Sgcz,Slc6a1,Slc6a11,Slc6a12,Slc6a13,Slc6a6,Slit1,Slit2,Slit3,Snai2,Sntb1,Sntb2,Tagln,Tfpi2,Tgfb1,Tgfbr3,Tgm2,Tgm4,Thbs1,Thbs2,Thbs4,Tll1,Tll2,Tnc,Tnfaip3,Tnfrsf11b,Tnfrsf23,Tnn,Tnr,Tnxb,Tpm1,Tpm2,Tpm4,Try5,Vcam1,Vegfa,Vegfc,Wdr33,Wipf1",282,1,1
"HALLMARK_ESTROGEN_RESPONSE_EARLY",233,"Abhd2,Ablim1,Ablim2,Ablim3,Adamtsl4,Adcy1,Adcy2,Adcy3,Adcy5,Adcy6,Adcy7,Adcy8,Add1,Add2,Add3,Aen,Aff1,Akap1,Aldh3b1,Aldh3b2,Aldh3b3,Anxa9,Ar,Areg,Arl3,Asb13,AU018091,B4galt1,Bag1,Bcl11a,Bcl11b,Bcl2,Blvrb,Calcr,Calcrl,Cant1,Car12,Ccn5,Ccnd1,Ccnd2,Ccnd3,Cd44,Celsr1,Celsr2,Celsr3,Cept1,Chpt1,Cldn7,Cxcl12,Cyp26b1,Deptor,Dhcr7,Dhrs2,Dhrs3,Dhrs4,Dlc1,Dysf,Egr3,Elf1,Elovl2,Elovl5,Endod1,Farp1,Farp2,Fasn,Fcmr,Fdft1,Fer1l4,Fer1l5,Fer1l6,Fhl2,Fkbp4,Fkbp5,Foxc2,Frk,Gab2,Gfra1,Gja1,Greb1,Greb1l,Hr,Hspb8,Igf1r,Inhba,Inpp5f,Insr,Insrr,Isg20,Itpk1,Jak1,Jak2,Jak3,Kazn,Kcnk15,Kcnk5,Kdm4b,Klf10,Klf2,Klf4,Krt13,Krt15,Krt19,Lad1,Mapt,Med13,Med13l,Med24,Mill1,Mill2,Mindy1,Mlph,Mpped1,Mpped2,Mreg,Msmb,Muc1,Myb,Mybbp1a,Mybl1,Mybl2,Myc,Myof,Nadsyn1,Nav2,Nav3,Ncor2,Nrip1,Olfm1,Olfm3,Olfml3,Opn3,Otof,Ovol1,Ovol2,P2ry2,Papss1,Papss2,Pdlim3,Pdzk1,Pex11a,Pgr,Plaat3,Pmaip1,Podxl,Prss23,Ptges,Rab22a,Rab31,Rapgefl1,Rara,Rarb,Rarg,Rasgrp1,Rasgrp3,Rbbp8,Reep1,Reep2,Ret,Rhod,Rps6ka1,Rps6ka2,Rps6ka3,Rps6ka6,Rrp12,Scarb1,Scarb2,Scnn1a,Sec14l2,Sec14l3,Sec14l4,Slc16a1,Slc19a1,Slc19a2,Slc1a1,Slc1a4,Slc24a3,Slc24a4,Slc27a2,Slc27a6,Slc2a1,Slc2a3,Slc2a4,Slc37a1,Slc37a2,Slc39a6,Slc7a1,Slc7a2,Sox8,Stard13,Sult2a1,Sult2a2,Sult2a3,Sult2a4,Sult2a5,Sult2a6,Sult2a7,Sult2a8,Sult2b1,Svil,Sybu,Syngr1,Syt12,Tbc1d30,Tfap2c,Tff3,Tgif2,Tgm2,Tgm4,Thsd4,Tiam1,Tiam2,Tjp1,Tjp2,Tjp3,Tmprss2,Tmprss3,Tob1,Tpd52l1,Tsku,Ttc39a,Ttc39b,Tubb1,Tubb2a,Tubb2b,Tubb3,Tubb5,Tubb6,Ugcg,Unc119,Unc119b,Wfs1,Xbp1,Zfp185",271,1,1
"HALLMARK_ESTROGEN_RESPONSE_LATE",233,"Abhd2,Add1,Add2,Add3,Aen,Aff1,Agr2,Agr3,Aldh3a1,Aldh3a2,Aldh3b1,Aldh3b2,Aldh3b3,Anxa9,Areg,Arl3,Ascl1,Ass1,Atp2b1,Atp2b2,Atp2b3,Atp2b4,Bag1,Batf,Bcl2,Blvrb,Btg3,Calcr,Calcrl,Car12,Car2,Cbr2,Ccn5,Ccna1,Ccnd1,Ccnd2,Ccnd3,Cd44,Cd9,Cdc20,Cdc6,Celsr1,Celsr2,Celsr3,Cept1,Chpt1,Chst8,Chst9,Ckm,Cox6c,Cpe,Cxcl12,Cyp26b1,Cyp4a10,Cyp4a30b,Cyp4a31,Cyp4a32,Cyp4f13,Cyp4f14,Cyp4f15,Cyp4f16,Cyp4f17,Cyp4f18,Cyp4f39,Cyp4f40,Dhcr7,Dhrs2,Dhrs4,Dlg5,Dnajc1,Dnajc12,Dysf,Egr3,Elovl2,Elovl5,Etfb,Fabp5,Farp1,Farp2,Fdft1,Fer1l4,Fer1l5,Fer1l6,Fgfr1,Fgfr2,Fgfr3,Fgfr4,Fkbp4,Fkbp5,Foxc2,Frk,Gfus,Hmgcs2,Homer2,Hr,Hspa4,Hspa4l,Hspb8,Hsph1,Id2,Idh1,Idh2,Impa2,Isg20,Itpk1,Jak1,Jak2,Jak3,Kcnk5,Klf2,Klf4,Krt13,Krt15,Krt19,Lamc1,Lamc2,Lamc3,Large1,Large2,Llgl2,Lsr,Mapk12,Mapk13,Mapt,Mest,Mettl3,Mill1,Mill2,Mpst,Myb,Myof,Nab2,Ncor2,Nmu,Nrip1,Olfm1,Olfm3,Opn3,Otof,Ovol1,Ovol2,Papss1,Papss2,Pdcd4,Pdlim3,Pdzk1,Perp,Pgr,Pkp3,Plaat3,Plk4,Prkar2a,Prkar2b,Prss23,Ptger3,Ptges,Ptpn11,Ptpn6,Rab22a,Rab31,Rabep1,Rapgefl1,Rbbp8,Ret,Rps6ka1,Rps6ka2,Rps6ka3,Rps6ka6,Scarb1,Scarb2,Scnn1a,Scube1,Scube2,Scube3,Serpina16,Serpina1a,Serpina1b,Serpina1c,Serpina1e,Serpina1f,Serpina3a,Serpina3c,Serpina3f,Serpina3j,Serpina3m,Serpina3n,Sgk1,Slc16a1,Slc1a4,Slc24a3,Slc24a4,Slc27a2,Slc27a6,Slc2a8,Snx10,Sord,Sox8,St14,St6galnac2,Stil,Sult2a1,Sult2a2,Sult2a3,Sult2a4,Sult2a5,Sult2a6,Sult2a7,Sult2a8,Sult2b1,Tfap2c,Tff3,Tfpi2,Th,Tiam1,Tiam2,Tjp1,Tjp2,Tjp3,Tmprss2,Tmprss3,Tob1,Top2a,Top2b,Tpd52l1,Trim29,Tspan13,Ugdh,Unc13a,Unc13b,Unc13c,Wfs1,Xbp1,Xrcc3",289,1,1
"HALLMARK_FATTY_ACID_METABOLISM",170,"4930438A08Rik,Aadat,Acaa2,Acadl,Acadm,Acads,Acadvl,Acat2,Acat3,Aco2,Acot1,Acot2,Acot5,Acot6,Acot8,Acox1,Acsl1,Acsl3,Acsl5,Acsl6,Acss1,Adh1,Adh4,Adh5,Adh6a,Adh6b,Adipor2,Adsl,Alad,Aldh1a1,Aldh1a2,Aldh1a3,Aldh1a7,Aldh1b1,Aldh2,Aldh3a1,Aldh3a2,Aldh9a1,Aoc2,Aoc3,Auh,Bckdhb,Blvra,Bmpr1a,Bmpr1b,Bphl,Car2,Car4,Car6,Cbr3,Cd1d2,Cd36,Cel,Chat,Cidea,Cpt1a,Cpt1c,Cpt2,Crat,Cryz,Cyp1a1,Cyp1a2,Cyp4a10,Cyp4a12a,Cyp4a12b,Cyp4a14,Cyp4a29,Cyp4a30b,Cyp4a31,Cyp4a32,Cyp4b1,Cyp4x1,D2hgdh,Decr1,Dhcr24,Dld,Dlst,Echs1,Eci3,Elovl2,Elovl5,Eno1,Eno2,Eno3,Ephx1,Erp29,Etfdh,Fasn,Fh1,Fmo1,Fmo2,Fmo3,Fmo5,Fmo6,Fmo9,Gad1,Gad2,Gcdh,Glul,Gm4846,Gm4847,Gpd2,Grhpr,Gstz1,H2az2,Hadh,Hadhb,Hao2,Hibch,Hmgcl,Hmgcll1,Hmgcs2,Hpgd,Hsd17b11,Hsd17b13,Hsd17b6,Hsd17b7,Hsdl2,Hsp90aa1,Hspa4,Hspa4l,Hsph1,Idh1,Idh2,Idh3b,Il4i1,Inmt,Kmt5a,Ldha,Maob,Mcee,Mdh2,Me1,Me2,Me3,Metap1,Nbn,Ncaph2,Nnmt,Ostc,Pcbd2,Ppara,Prdx6,Prdx6b,Psme1,Rap1gds1,Rdh1,Rdh11,Rdh16,Rdh16f2,Rdh19,Rdh7,Reep5,Retsat,S100a10,Sdhc,Serinc1,Sms,Sucla2,Suclg1,Tdo2,Trp53inp2,Ube2l6,Ugdh,Urod,Uros,Vnn1,Vnn3,Ywhag,Ywhah",217,1,1
"HALLMARK_G2M_CHECKPOINT",199,"Abl1,Abl2,Amd1,Arid4a,Atf5,Atrx,AU018091,Aurkb,Aurkc,Bard1,Bcl3,Birc5,Brca2,Bub1,Casp8ap2,Cbx1,Ccnb2,Ccnd1,Ccnd2,Ccnd3,Ccnt1,Cdc20,Cdc25b,Cdc27,Cdc45,Cdc6,Cdc7,Cdk1,Cdk4,Cdkn1b,Cdkn2c,Cenpa,Cenpe,Cenpf,Chaf1a,Chek1,Cks1brt,Cks2,Cul1,Cul3,Cul4a,Cul5,Dab2ip,Dbf4,Dmd,Dr1,Dtymk,E2f1,E2f2,E2f3,Egf,Espl1,Ewsr1,Exo1,Ezh1,Ezh2,Fancc,Fbxo5,Foxn3,H2ac22,H2ac23,H2ax,H2az2,H2bc21,H2bc22,H2bc24,H2bc4,H2bc6,H2bc7,Hmga1,Hmga2,Hnrnpd,Hnrnpr,Hnrnpu,Hspa1a,Hspa1l,Hspa5,Hspa8,Hus1,Ilf3,Incenp,Jpt1,Katna1,Katnal1,Kif11,Kif20b,Kif23,Kif2a,Kif2c,Kif5a,Kif5b,Kif5c,Kifc3,Kmt5a,Knl1,Kpna2,Kpnb1,Lbr,Lig3,Mad2l1,Map3k20,Mapk14,Marcks,Mcm3,Mcm5,Mcm6,Meis1,Meis2,Mki67,Mnat1,Mtf2,Mybl1,Mybl2,Myc,Nasp,Ncl,Ndc80,Nek2,Nolc1,Notch1,Notch2,Notch3,Notch4,Nsd1,Nsd2,Nsd3,Numa1,Nup50,Nup98,Nusap1,Odf2,Orc5,Pafah1b1,Pbk,Pds5a,Pds5b,Plk4,Pml,Pola2,Pole,Prim2,Prmt5,Prpf4b,Pttg1,Racgap1,Rad21,Rad23b,Rad54l,Rasal2,Rbl1,Rbl2,Rpa2,Rps6ka4,Rps6ka5,Sap30,Sap30l,Sfpq,Slc38a1,Slc7a1,Slc7a2,Smad2,Smad3,Smc1b,Smc2,Snrpd1,Sqle,Srsf10,Ss18,Stil,Stmn1,Strbp,Syncrip,Syngap1,Tacc3,Tfdp1,Tgfb1,Tle1,Tle2,Tle3,Tle4,Tmpo,Tnpo1,Tnpo2,Top1,Top1mt,Top2a,Top2b,Tpx2,Troap,Ttk,Ube2c,Ube2s,Uck1,Uck2,Upf1,Utrn,Wrn,Xpo1,Ythdc1",268,1,1
"HALLMARK_GLYCOLYSIS",207,"Adora2a,Adora2b,Aen,Agl,Agrn,Ak3,Ak4,Akr1a1,Aldh9a1,Aldob,Ang2,Ang4,Angptl4,Arpp19,Artn,Axl,B3gat1,B3gat2,B3gat3,B3gnt3,B4galt1,B4galt2,Bik,Bpnt1,Capn5,Casp6,Cd44,Cdk1,Cenpa,Chpf2,Chst1,Chst12,Cited2,Cln6,Cog2,Col11a1,Col5a1,Col5a3,Crmp1,Cth,Cxcr4,Cyb5a,Dcn,Depdc1a,Dld,Dpys,Dpysl2,Dpysl3,Dpysl4,Dsc1,Dsc2,Dsc3,Ecd,Efna3,Egfr,Egln3,Eno1,Eno2,Eno3,Erbb2,Erbb3,Erbb4,Ero1a,Ext1,Ext2,Fbp1,Fbp2,Fkbp4,Fut8,G6pd2,Gal3st1,Galk2,Gclc,Gfpt1,Gfpt2,Gfus,Glce,Gmppa,Gne,Got1,Gpc1,Gpc3,Gpc4,Gpc6,Gusb,Gys1,Gys2,Hax1,Hdhd2,Hdlbp,Hk1,Hk2,Hk3,Hkdc1,Hs2st1,Hs6st1,Hs6st2,Hs6st3,Hspa1a,Hspa1l,Hspa5,Hspa8,Idh1,Idh2,Idua,Igfbp3,Igfbp5,Irs2,Irs3,Isg20,Kdelr1,Kdelr2,Kdelr3,Kl,Klb,Lct,Ldha,Ldhc,Ldlr,Lhx2,Lhx9,Lrp8,Mdh2,Me1,Me2,Me3,Med24,Mertk,Met,Mpi,Mst1r,Mxi1,Nasp,Ndst1,Ndst2,Ndst3,Ndst4,Ndufv3,Nt5e,P4ha1,P4ha2,Paxip1,Pcx,Pfkfb2,Pfkfb3,Pfkfb4,Pfkl,Pfkm,Pfkp,Pgam1,Pgm2,Pgm2l1,Pklr,Pkm,Pkp2,Plod1,Plod2,Ppfia1,Ppfia2,Ppfia3,Ppfia4,Ppia,Ppp2ca,Ppp2cb,Prps1l3,Prps2,Psmc4,Pygb,Pygl,Pygm,Qsox1,Rbck1,Rlf,Rpe,Rragc,Rragd,Sap30,Sap30l,Sdc1,Sdc2,Sdc3,Sdhc,Slc16a3,Slc25a10,Slc25a12,Slc25a13,Slc35a3,Sod1,Sox10,Sox8,Spag4,Srd5a3,Stmn1,Taldo1,Tff3,Tgfa,Tkt,Tpi1,Tpst1,Txn1,Txndc8,Tyro3,Ugp2,Vegfa,Xylt1,Xylt2,Zfp292",261,1,1
"HALLMARK_HEDGEHOG_SIGNALING",59,"Ache,Arhgap10,Arhgap26,Arhgap42,Bche,Cdk6,Celsr1,Celsr2,Celsr3,Chl1,Cntfr,Crmp1,Dpys,Dpysl2,Dpysl3,Dpysl4,Ets2,Gli1,Hey2,Ldb1,Ldlr,Lrp8,Myh1,Myh10,Myh11,Myh13,Myh14,Myh15,Myh2,Myh3,Myh4,Myh6,Myh7b,Myh8,Myh9,Nf1,Nfasc,Nkx6-1,Nrcam,Nrp1,Nrp2,Ophn1,Plg,Pml,Ptch1,Ptch2,Rtn1,Slit1,Slit2,Slit3,Tle1,Tle2,Tle3,Tle4,Unc5a,Unc5b,Unc5c,Unc5d,Vegfa",72,1,1
"HALLMARK_HEME_METABOLISM",219,"Abcg2,Abcg3,Add1,Add2,Add3,Adipor1,Agpat3,Agpat4,Alad,Alas1,Aldh6a1,Ank1,Ank2,Arhgef12,Asns,Atg4a,Atp6v0a1,Atp6v0a2,Atp6v0a4,Bach1,Bcam,Blvra,Blvrb,Bmp2k,Bnip3l,Bnip3l-ps,Bpgm,Bsg,Btg1,Btrc,C3,C4b,Car1,Car2,Cat,Ccdc28a,Ccnd1,Ccnd2,Ccnd3,Cd101,Cdc27,Ciao3,Cir1,Clcn3,Clcn4,Ctns,Ctsb,Ctse,Daam1,Dcaf10,Dcaf11,Dmtn,E2f2,Eif2ak1,Endod1,Epb41,Epb41l2,Epb41l3,Epb42,Epor,Ermap,Ezh1,Ezh2,Fbxo34,Fbxo7,Fbxo9,Fbxw11,Fech,Fn3k,Fn3krp,Foxj2,Foxo3,Ftcd,Gapvd1,Gclc,Gclm,Glrx5,Gm16867,Gypa,Gypc,H1f0,H4c11,H4c12,H4c14,H4c4,Hc,Hebp1,Htatip2,Igsf3,Isca1,Kdm7a,Kel,Khnyn,Klf3,Lamp2,Lmo2,Lpin1,Lpin2,Lpin3,Map2k3,Map2k6,Marchf2,Marchf8,Mark1,Mark2,Mark3,Mark4,Mboat1,Mboat2,Mfhas1,Mgst3,Minpp1,Mkrn1,Mocos,Mxi1,Myl4,Narf,Ncoa4,Nek7,Nfe2,Nfe2l1,Nudt4,Optn,Osbp,Osbp2,Pcx,Pdzk1ip1,Phf2,Phf8,Picalm,Ppp2r5a,Ppp2r5b,Ppp2r5d,Ppp2r5e,Prdx1,Prkaa1,Psmd9,Rad23a,Ranbp17,Rap1gap,Rap1gap2,Rbm24,Rbm38,Rcl1,Rhag,Rhd,Riok3,Rnf19a,Rnf19b,Sdcbp,Sec14l1,Sec14l5,Selenbp1,Selenbp2,Sidt1,Sidt2,Slc11a1,Slc11a2,Slc2a1,Slc2a3,Slc2a4,Slc30a10,Slc4a1,Slc4a10,Slc4a2,Slc4a3,Slc4a4,Slc4a5,Slc4a7,Slc4a8,Slc4a9,Slc66a2,Slc6a1,Slc6a11,Slc6a12,Slc6a13,Slc6a6,Slc6a9,Slc7a11,Smox,Snca,Spta1,Sptan1,Sptb,Sptbn1,Sptbn2,Sptbn4,Sptbn5,Synj1,Synj2,Tal1,Tcea2,Tcirg1,Tent5c,Tmcc2,Tmem9,Tmem9b,Tnrc6a,Tnrc6b,Tnrc6c,Tns1,Tns3,Top1,Top1mt,Trak1,Trak2,Tspan17,Tspan5,Tspo2,Tyr,Ubac1,Ucp2,Urod,Uros,Usp15,Usp4,Vezf1,Xpo7,Ypel5",275,1,1
"HALLMARK_HYPOXIA",225,"Ackr3,Adora2a,Adora2b,Aen,Ak3,Ak4,Akap12,Aldob,Aldoc,Ampd1,Ampd2,Ampd3,Angptl4,Anxa2,Atf3,Atp7a,Atp7b,B4galnt2,Bcan,Bcl2,Bnip3l,Bnip3l-ps,Btg1,Car12,Casp6,Cavin1,Ccn1,Ccn2,Ccn5,Ccng2,Cdkn1a,Cdkn1b,Chst3,Cited2,Col11a1,Col5a1,Col5a3,Crmp1,Csrp2,Cxcr4,Dcn,Dpys,Dpysl2,Dpysl3,Dpysl4,Dtna,Dtnb,Efna1,Efna3,Egfr,Eno1,Eno2,Eno3,Erbb2,Erbb3,Erbb4,Ero1a,Errfi1,Ets1,Ext1,F3,Fbp1,Fbp2,Fosl2,Foxo3,Gaa,Gapdh,Gck,Gcnt2,Gpc1,Gpc3,Gpc4,Gpc6,Gpi1,Grhpr,Gys1,Gys2,Has1,Hdlbp,Hexa,Hexb,Hk1,Hk2,Hk3,Hkdc1,Hs3st1,Hspa1a,Hspa1l,Hspa5,Hspa8,Igfbp1,Igfbp3,Igfbp5,Ilvbl,Irs2,Irs3,Isg20,Jmjd1c,Kdelr1,Kdelr2,Kdelr3,Kdm3a,Kdm3b,Kif5a,Kif5b,Kif5c,Klf6,Klf7,Lalba,Large1,Large2,Ldha,Ldhc,Ldlr,Lrp8,Maff,Mgam,Mxi1,Myh1,Myh10,Myh11,Myh13,Myh14,Myh15,Myh2,Myh3,Myh4,Myh6,Myh7b,Myh8,Myh9,Nagk,Ncan,Ndrg1,Ndst1,Ndst2,Ndst3,Ndst4,Nedd4,Nedd4l,Nfil3,Noct,P4ha1,P4ha2,Pck1,Pck2,Pdgfb,Pdk1,Pfkfb2,Pfkfb3,Pfkfb4,Pfkl,Pfkm,Pfkp,Pgam1,Pgf,Pgm1,Pgm2,Pgm2l1,Pgm5,Phkg1,Pim1,Pim3,Pklr,Pkm,Pkp1,Plac8,Plaur,Plin2,Pnrc1,Ppargc1a,Ppfia1,Ppfia2,Ppfia3,Ppfia4,Prdx5,Prkca,Prkcb,Prkcg,Pygb,Pygl,Pygm,Rbpj,Rlf,Rora,Rragc,Rragd,Sap30,Sap30l,Scarb1,Scarb2,Sdc2,Sdc3,Sdc4,Selenbp1,Selenbp2,Serpine1,Sis,Slc2a1,Slc2a3,Slc2a4,Slc2a5,Slc2a7,Stbd1,Sult2a1,Sult2a2,Sult2a3,Sult2a4,Sult2a5,Sult2a6,Sult2a7,Sult2a8,Sult2b1,Tgfb3,Tgm2,Tgm4,Tkt,Tnfaip3,Tpd52,Tpi1,Tpst2,Ugp2,Vegfa,Xpnpep1,Zfp292",296,1,1
"HALLMARK_IL2_STAT5_SIGNALING",235,"2200002J24Rik,Abcb11,Abcb1a,Abcb1b,Abcb4,Abcb5,Ager,Ahnak,Ahnak2,Ahr,Anxa4,Aplp1,Arl4a,Batf,Batf3,Bcl2,Bcl2l1,Bmp2,Bmpr2,Capg,Capn1,Capn11,Capn2,Capn8,Capn9,Car2,Casp3,Ccnd1,Ccnd2,Ccnd3,Ccne1,Cd44,Cd48,Cd79b,Cd83,Cdc6,Ckap4,Coch,Col6a1,Col6a2,Csf1,Cst7,Ctla4,Ctsz,Cyfip1,Cyfip2,Dcps,Dennd5a,Dennd5b,Dhrs3,Drc1,Dsp,Dst,Ecm1,Eef1akmt1,Emp1,Eno1,Eno2,Eno3,Enpp1,Enpp2,Enpp3,Etfbkmt,Etv4,Fah,Furin,Galm,Gbp11,Gbp2,Gbp2b,Gbp3,Gbp5,Gbp7,Gbp8,Glipr2,Gm28729,Gpr65,Gpx4,Gucy1b1,Hipk1,Hipk2,Hipk3,Hk1,Hk2,Hk3,Hkdc1,Hopx,Huwe1,Icos,Ifngr1,Igf1r,Igf2r,Ikzf2,Ikzf4,Il10ra,Il18r1,Il1r2,Il1rl1,Il2ra,Il2rb,Il3ra,Insr,Insrr,Irf4,Irf6,Itga2b,Itga3,Itga5,Itga6,Itga7,Itga8,Itgae,Itgav,Itih5,Klf6,Lclat1,Lif,Lrrc8a,Lrrc8b,Lrrc8c,Lrrc8d,Lrrc8e,Macf1,Maff,Map3k8,Map6,Mapkapk2,Mapkapk3,Muc1,Mxd1,Myc,Myo1a,Myo1b,Myo1c,Myo1d,Myo1e,Myo1f,Myo1g,Myo1h,Ncoa2,Ncoa3,Ncs1,Ndrg1,Nfil3,Nop2,Nrp1,Nrp2,Nt5e,P2rx4,P2rx7,P4ha1,P4ha2,Pcsk4,Pcsk5,Pcsk6,Pdcd2l,Penk,Phlda1,Phtf1,Phtf2,Pim1,Pim3,Plagl1,Plec,Plin2,Pnp,Pnp2,Pou2f1,Prkce,Prkch,Prnp,Ptch1,Ptch2,Ptrh2,Rabgap1,Rabgap1l,Rhob,Rhoh,Rnh1,Rora,Rragc,Rragd,S100a1,Scn10a,Scn11a,Scn1a,Scn2a,Scn3a,Scn4a,Scn5a,Scn7a,Scn8a,Scn9a,Selp,Serpinb6a,Serpinb6b,Serpinb6c,Serpinb6e,Serpinc1,Sh3bgr,Sh3bgrl,Sh3bgrl2,She,Slc1a5,Slc29a2,Slc2a1,Slc2a3,Slc39a8,Smpdl3a,Snx14,Snx9,Socs2,Spred2,St3gal4,Swap70,Syt11,Tgm2,Tgm4,Tiam1,Tiam2,Tlr7,Tlr8,Tnfrsf1b,Tnfrsf21,Tnfrsf8,Tnfrsf9,Tnfsf11,Traf1,Ttc39a,Ttc39b,Twsg1,Uck1,Uck2,Wls,Xbp1",280,1,1
"HALLMARK_IL6_JAK_STAT3_SIGNALING",82,"A2m,A2ml1,Acvr1b,Acvr1c,Acvrl1,Bst1,Cbl,Cblb,Ccl7,Cd36,Cd38,Cd44,Cd9,Cntfr,Csf1,Csf2rb,Csf2rb2,Csf3r,Cxcl13,Cxcl15,Cxcl9,Dntt,Ebi3,Fas,Gm7298,Grap,Grb2,Hax1,Ifnar1,Ifngr1,Ifngr2,Il12rb1,Il15ra,Il17ra,Il18r1,Il1r1,Il1r2,Il2ra,Il3ra,Il4ra,Il7,Il9r,Irf9,Itga4,Itga9,Itgb2,Itgb3,Itgb5,Itgb6,Itgb7,Jak1,Jak2,Jak3,Lepr,Ltbr,Map3k8,Mug1,Mug2,Pdgfc,Pf4,Pik3r5,Pim1,Pim3,Ptpn1,Ptpn11,Ptpn2,Ptpn6,Pzp,Reg1,Reg2,Stam2,Stat1,Stat2,Stat3,Stat4,Tgfb1,Tgfbr1,Tnf,Tnfrsf1a,Tnfrsf1b,Tnfrsf21,Tnfrsf23",110,1,1
"HALLMARK_INFLAMMATORY_RESPONSE",219,"2200002J24Rik,Abca1,Abca12,Abca13,Abca17,Abca2,Abca4,Abca7,Abi1,Abi2,Acvr1b,Acvr1c,Acvr2a,Acvr2b,Adgre1,Adora2a,Adora2b,Ahr,Aqp9,Atp2a1,Atp2a2,Atp2a3,Atp2b1,Atp2b2,Atp2b3,Atp2b4,AU018091,Axl,Best1,Blk,Btg1,C3ar1,C5ar1,C5ar2,Calcr,Calcrl,Ccl5,Ccl7,Ccr7,Cd37,Cd40,Cd48,Cd55,Cd55b,Cd69,Cd82,Cdkn1a,Clec2m,Clec5a,Cmklr1,Csf1,Csf3r,Cxcl15,Cxcl9,Ebi3,Edn1,Eif2ak2,Emp3,F3,Fgr,Fpr1,Fpr3,Fyn,Fzd5,Gabbr1,Gch1,Gna15,Gnai1,Gnai2,Gnai3,Gp1ba,Gpc3,Gpr132,Has2,Has3,Hck,Hpn,Icam1,Icam5,Icosl,Ifnar1,Ifngr2,Il10ra,Il15,Il15ra,Il18,Il18r1,Il18rap,Il1r1,Il2rb,Inhba,Itga2b,Itga5,Itga8,Itgav,Itgb2,Itgb3,Itgb5,Itgb6,Itgb7,Itgb8,Kcna1,Kcna4,Kcna5,Kcna6,Kcnj12,Kcnj2,Kif1a,Kif1b,Kif1c,Klf6,Lck,Ldlr,Lif,Lpar1,Lrp8,Lyn,Marco,Mep1a,Mertk,Met,Mmp14,Mmp15,Mmp16,Mmp24,Msr1,Mst1r,Mxd1,Myc,Nampt,Nectin2,Nfkb1,Nfkbia,Nlrp12,Nlrp1a,Nlrp1b,Nlrp3,Nmi,Nmur1,Nox1,Nox3,Npffr2,Olr1,Oprk1,Osm,P2rx4,P2rx7,P2ry2,Pcdh1,Pcdh11x,Pcdh20,Pcdh7,Pcdh9,Pde4a,Pde4b,Pde4c,Pde4d,Pdpn,Pik3r5,Plaur,Psen1,Ptafr,Ptgir,Ptpra,Ptprd,Ptpre,Ptprf,Ptprs,Pvr,Rasgrp1,Rasgrp3,Rela,Rgs1,Rhog,Ripk2,Rnf144a,Rnf144b,Ros1,Scarf1,Scarf2,Scn1b,Sema4d,Serpine1,Sgms2,Slamf1,Slc11a1,Slc11a2,Slc1a2,Slc28a1,Slc28a2,Slc28a2b,Slc31a1,Slc31a2,Slc4a1,Slc4a10,Slc4a2,Slc4a3,Slc4a4,Slc4a5,Slc4a7,Slc4a8,Slc4a9,Slc7a1,Slc7a2,Src,Sri,Tacr1,Tacr3,Tgfbr1,Tlr1,Tlr3,Tlr6,Tnfaip6,Tnfrsf1b,Tnfrsf9,Tnfsf9,Tyro3,Vip,Yes1",283,1,1
"HALLMARK_INTERFERON_ALPHA_RESPONSE",101,"2200002J24Rik,Adar,Aen,Batf2,C1s1,C1s2,Casp1,Casp8,Cmpk2,Cnp,Csf1,Ddx60,Dhx58,Eif2ak2,Elf1,Epsti1,Gbp11,Gbp2,Gbp2b,Gbp3,Gbp5,Gbp7,Gbp8,Gmpr,H2-M10.3,H2-M10.6,H2-M11,H2-M2,H2-M9,H2-Q1,H2-Q10,H2-Q4,H2-Q6,H2-T22,Herc3,Herc4,Herc6,Ifi27,Ifi27l2b,Ifi35,Ifi44,Ifi44l,Ifih1,Ifit2,Ifit3b,Il15,Il7,Irf2,Irf9,Isg20,Lap3,Lgals3bp,Mov10,Mx1,Mx2,Ncoa7,Nmi,Nub1,Oas1a,Oas1c,Oas1f,Oas1g,Oas1h,Oasl1,Oasl2,Ogfr,Oxr1,Parp12,Pnpt1,Psma3,Psmb8,Psmb9,Psme1,Psme2,Ripk2,Rnf31,Rsad2,Samd9l,Slc25a28,Sp100,Sp140,Stat2,Tdrd7,Tent5c,Tmem140,Trafd1,Trim12a,Trim12c,Trim14,Trim25,Trim26,Trim30a,Trim30b,Trim30c,Trim30d,Trim34a,Trim34b,Trim5,Trim6,Ube2l6,Usp18",171,1,1
"HALLMARK_INTERFERON_GAMMA_RESPONSE",203,"2200002J24Rik,Adar,Aen,Apol6,Arid5b,Arl4a,Auts2,Bank1,Batf2,Bpgm,Bst1,Btg1,C1ra,C1rb,C1s1,C1s2,C2,Casp1,Casp3,Casp4,Casp7,Casp8,Ccl5,Ccl7,Cd274,Cd38,Cd40,Cd69,Cdkn1a,Cfb,Cfh,Cfhr1,Cfhr2,Cfhr4,Clec2m,Cmklr1,Cmpk2,Csf2rb,Csf2rb2,Cxcl9,Dcbld1,Ddx60,Dhx58,Eif2ak2,Epsti1,Fas,Fcgr1,Fpr1,Fpr3,Gbp11,Gbp2,Gbp2b,Gbp3,Gbp5,Gbp7,Gbp8,Gch1,H2-DMa,H2-Eb1,H2-Eb2,H2-M10.3,H2-M10.6,H2-M11,H2-M2,H2-M9,H2-Q1,H2-Q10,H2-Q4,H2-Q6,H2-T22,Herc3,Herc4,Herc6,Icam1,Icam5,Ido1,Ifi27,Ifi27l2b,Ifi35,Ifi44,Ifi44l,Ifih1,Ifit1bl1,Ifit1bl2,Ifit2,Ifit3b,Ifnar2,Il10ra,Il15,Il15ra,Il2rb,Il4ra,Il7,Irf2,Irf4,Irf5,Irf9,Isg20,Itgb2,Itgb3,Itgb5,Itgb6,Itgb7,Jak1,Jak2,Jak3,Lap3,Lats1,Lats2,Lgals3bp,Lysmd2,Marchf1,Methig1,Mthfd2,Mx1,Mx2,Nampt,Ncoa2,Ncoa3,Nfkb1,Nfkbia,Nmi,Nod1,Oas2,Oas3,Oasl1,Oasl2,Ogfr,Parp12,Pde4a,Pde4b,Pde4c,Pde4d,Peli1,Peli2,Pfkl,Pfkm,Pfkp,Pim1,Pim3,Pla2g4a,Pml,Pnp,Pnp2,Pnpt1,Psma2,Psma3,Psmb2,Psmb8,Psmb9,Psme1,Psme2,Ptgs1,Ptpn1,Ptpn11,Ptpn2,Ptpn6,Rbck1,Ripk1,Ripk2,Rnf213,Rnf31,Rsad2,Samd9l,Samhd1,Sectm1a,Sectm1b,Selp,Serping1,Slamf7,Slc25a28,Sod2,Sp100,Sp140,Sppl2a,Sppl2b,Sri,Sspn,St3gal5,Stat1,Stat2,Stat3,Stat4,Tdrd7,Tnfaip2,Tnfaip3,Tnfaip6,Tnfrsf23,Tor1a,Trafd1,Trim14,Trim25,Trim26,Ube2l6,Upp1,Upp2,Usp18,Vamp5,Vamp8,Vcam1,Xaf1,Zbp1,Znfx1",298,1,1
"HALLMARK_KRAS_SIGNALING_DN",351,"2610021A01Rik,4930522L14Rik,Abcb11,Abcb1a,Abcb1b,Abcb4,Abcb5,Abcg1,Abcg4,Acta2,Actb,Actg2,Adra2c,AI182371,Akr1b10,Akr1b7,Akr1b8,Alox12b,Alox5,Aloxe3,Ambn,Asb7,Atp12a,Atp1a1,Atp1a3,Atp1a4,Atp4a,Atp6v1b1,Atp6v1b2,B020011L13Rik,Bard1,Bmpr1a,Bmpr1b,Brdt,Btg1,C3,C4b,Cacna1a,Cacna1b,Cacna1c,Cacna1d,Cacna1e,Cacna1s,Cacng1,Calca,Calcb,Camk1,Camk1d,Capn1,Capn11,Capn2,Capn8,Capn9,Ccdc106,Ccna1,Cdkal1,Celsr1,Celsr2,Celsr3,Ckm,Clstn1,Clstn2,Clstn3,Cntfr,Col1a2,Col2a1,Copz1,Copz2,Coq8a,Cpa2,Cpa4,Cpeb2,Cpeb3,Cpeb4,Cyp11b1,Cyp11b2,Cyp39a1,Dcc,Dtna,Dtnb,Edar,Edn1,Efhd1,Efhd2,Egf,Entpd4b,Entpd7,Epha1,Epha10,Epha3,Epha4,Epha5,Epha6,Epha7,Epha8,Ephb1,Ephb2,Ephb3,Ephb4,Ephb6,Fgf20,Fgf9,Fgfr1,Fgfr2,Fgfr3,Fgfr4,Fggy,Fshb,Gamt,Gm14325,Gm14326,Gm14391,Gm14406,Gm15446,Gm3604,Gm4631,Gm5141,Gm5478,Gp1ba,Gpr19,Gpr3,Gprc5b,Grid1,Grid2,Gtf3c5,Hc,Hnf1a,Htr1b,Htr1d,Idua,Ifi44,Ifi44l,Ifng,Igfbp2,Irs3,Kcnd2,Kcnd3,Kcne2,Kcnn1,Kcnn2,Kcnn3,Kcnq2,Kcnq3,Kcnq4,Kcnq5,Klhdc8a,Klk7,Kmt2c,Kmt2d,Krt13,Krt15,Krt2,Krt4,Krt6b,Krt90,Lfng,Lypd3,Macroh2a1,Macroh2a2,Mast1,Mast3,Mast4,Mfng,Mfsd6,Msh5,Mthfr,Mx1,Mx2,Myh1,Myh10,Myh11,Myh13,Myh14,Myh15,Myh2,Myh3,Myh4,Myh6,Myh7b,Myh8,Myh9,Myo15b,Myo7a,Myo7b,Neo1,Ngb,Nos1,Nos2,Nos3,Nphs1,Nr4a2,Nr6a1,Ntf3,Nudt4,Oxt,P2rx6,P2ry2,Pax3,Pax4,Pax7,Pdcd1,Pde6a,Pde6b,Pde6c,Pdk2,Pkp1,Plag1,Pnmt,Prkn,Prodh,Ptgfr,Ptprj,Rex2,Rfng,Ribc2,Rsad2,Ryr1,Ryr2,Ryr3,Serpina10,Serpinb2,Sgk1,Slc16a7,Slc25a23,Slc25a25,Slc29a3,Slc30a3,Slc5a5,Sox10,Sox8,Sphk2,Sprr1a,Sptb,Sptbn1,Sptbn2,Sptbn4,Sptbn5,Stag1,Stag2,Stag3,Tcf7l1,Tcl1,Tent5c,Tex15,Tfap2a,Tfap2b,Tfcp2,Tfcp2l1,Tg,Tgfb2,Tgm4,Thnsl2,Tnni1,Tnni3,Ubp1,Ugt2a1,Ugt2a3,Ugt2b1,Ugt2b34,Ugt2b35,Ugt2b36,Ugt2b37,Ugt2b38,Ugt2b5,Upk3b,Vps50,Wnt16,Ybx2,Ypel1,Ypel2,Zbtb16,Zc2hc1c,Zfp108,Zfp109,Zfp11,Zfp111,Zfp112,Zfp114,Zfp160,Zfp184,Zfp229,Zfp235,Zfp26,Zfp267,Zfp268,Zfp27,Zfp345,Zfp40,Zfp420,Zfp433,Zfp442,Zfp457,Zfp458,Zfp51,Zfp52,Zfp53,Zfp534,Zfp560,Zfp59,Zfp595,Zfp60,Zfp600,Zfp607a,Zfp607b,Zfp616,Zfp619,Zfp62,Zfp626,Zfp658,Zfp677,Zfp712,Zfp715,Zfp719,Zfp729a,Zfp729b,Zfp735,Zfp738,Zfp74,Zfp748,Zfp758,Zfp759,Zfp760,Zfp780b,Zfp788,Zfp808,Zfp820,Zfp850,Zfp873,Zfp93,Zfp932,Zfp937,Zfp94,Zfp945,Zfp946,Zfp948,Zfp950,Zfp960,Zfp97,Zfp974,Zfp975,Zfp976,Zfp980,Zfp983,Zfp984,Zfp985,Zfp987,Zfp990,Zfp991,Zfp992,Zfp994,Zfp997",451,1,1
"HALLMARK_KRAS_SIGNALING_UP",253,"Abcb11,Abcb1a,Abcb1b,Abcb4,Abcb5,Ace,Ace3,Adam17,Adam28,Adam8,Adgra2,Adgra3,Adgrl4,Akap12,Akt1,Akt2,Akt3,Aldh1a1,Aldh1a2,Aldh1a3,Aldh1a7,Aldh1b1,Aldh2,Ammecr1l,Angptl4,Ano1,Ano2,Ano3,Ano4,Ano5,Ano6,Anxa10,Arg1,Avl9,AW551984,Birc2,Birc3,Bmp2,Bpgm,Btbd3,Btc,C2,C3ar1,Cab39l,Car2,Cbl,Cblb,Cbr4,Ccnd1,Ccnd2,Ccnd3,Ccser2,Cd37,Cd82,Cdadc1,Cfb,Cfh,Cfhr1,Cfhr2,Cfhr4,Cidea,Clec4a1,Clec4a2,Clec4a3,Clec4a4,Clec4b1,Clec4b2,Clec4d,Clec4n,Cmklr1,Cpe,Crot,Ctnnb1,Ctsk,Ctss,Cxcl15,Cxcr4,Dnmbp,Dusp7,Emp1,Eng,Epb41,Epb41l3,Epha1,Epha10,Epha2,Epha3,Epha4,Epha5,Epha6,Epha7,Epha8,Ephb1,Ephb2,Ephb3,Ephb4,Ephb6,Ero1a,Ets1,Etv1,Etv4,Evi5,Evi5l,F13a1,Fgf20,Fgf9,Gabra1,Gabra2,Gabra5,Galnt3,Galnt6,Gm21992,Gngt1,Gucy1a1,Gypc,H2bc22,H2bc3,H2bc4,H2bc6,H2bc7,Hdac4,Hdac5,Hdac7,Hdac9,Hk1,Hk2,Hk3,Hkdc1,Id2,Igfbp3,Igfbp5,Ikzf1,Il10ra,Il1rl2,Il33,Il3ra,Inhba,Itgb2,Itgb3,Itgb5,Itgb6,Itgb7,Itgbl1,Jup,Kcnn4,Kif5a,Kif5b,Kif5c,Klf2,Klf4,Laptm5,Lat2,Lcp1,Lif,Ly96,Maf,Mall,Map4k1,Map7,Mmd,Mmd2,Mmp10,Mmp11,Mmp9,Mpzl2,Mtmr10,Mycn,Naip1,Naip2,Naip5,Naip6,Ngf,Nin,Nr0b2,Nr1h4,Nrp1,Nrp2,Pdcd1lg2,Pecam1,Peg3,Pigr,Plat,Plau,Plaur,Plek2,Pls1,Plvap,Prdm1,Prelid3a,Prkg1,Prkg2,Prrx1,Prrx2,Psmb8,Ptbp1,Ptbp2,Ptbp3,Ptgs1,Ptpn7,Ptprr,Rabgap1,Rabgap1l,Reln,Retn,Scg3,Scg5,Scn1b,Sdccag8,Serpina16,Serpina3a,Serpina3c,Serpina3f,Serpina3j,Serpina3m,Serpina3n,Slpi,Snap25,Snap91,Sox10,Sox8,Sparcl1,Spon1,Spry2,Strn,Strn3,Strn4,Tfpi,Tgm4,Tlr7,Tlr8,Tmem100,Tmem176a,Tmem176b,Tnfaip3,Tnfrsf1b,Tnnt1,Tnnt2,Tnnt3,Tor1aip2,Tph1,Tph2,Traf1,Trib1,Trib2,Tspan13,Tspan7,Ush1c,Usp12,Usp46,Vwa5a,Wdr33,Yrdc,Zfp277",311,1,1
"HALLMARK_MITOTIC_SPINDLE",284,"Abi1,Abi2,Abl1,Abl2,Abr,Actn1,Actn2,Actn3,Actn4,Akap13,Alms1,Alms1-ps2,Als2,Anln,Arf6,Arfgef1,Arfgef2,Arfip2,Arhgap10,Arhgap26,Arhgap27,Arhgap29,Arhgap35,Arhgap42,Arhgef11,Arhgef12,Arhgef2,Arhgef6,Arhgef7,Arl8b,Atg4b,Avil,Bcl2l11,Bcr,Bin1,Birc5,Brca2,Bub1,Capzb,Ccdc88a,Ccdc88c,Ccnb2,Cd2ap,Cdc27,Cdc42,Cdc42bpa,Cdc42bpb,Cdc42bpg,Cdc42ep1,Cdc42ep4,Cdk1,Cdk5rap2,Cenpe,Cenpf,Cenpj,Cep131,Cep192,Cep250,Cep57,Ckap5,Clasp1,Clasp2,Clip1,Clip2,Cntrl,Cntrob,Csnk1d,Csnk1e,Cttn,Cyth1,Cyth2,Cyth3,Dab2ip,Dlgap5,Dnah1,Dnah10,Dnah11,Dnah12,Dnah14,Dnah17,Dnah2,Dnah3,Dnah5,Dnah6,Dnah7a,Dnah7b,Dnah7c,Dnah9,Dock1,Dock2,Dock3,Dock4,Dock5,Dsp,Dst,Dync1h1,Dync2h1,Epb41,Epb41l2,Epb41l3,Espl1,Ezr,Farp1,Farp2,Fbxo5,Fgd2,Fgd3,Fgd4,Fgd6,Flnb,Flnc,Fscn1,Fscn2,Gm10662,Gm5890,Gsn,Hdac7,Hook1,Hook2,Hook3,Incenp,Itsn2,Katna1,Katnal1,Kif11,Kif1a,Kif1b,Kif1c,Kif20b,Kif23,Kif28,Kif2a,Kif2c,Kif3a,Kif3b,Kif3c,Kif5a,Kif5b,Kif5c,Kifap3,Kifc3,Klc1,Klc2,Klc4,Kntc1,Kptn,Lats1,Lats2,Llgl2,Lrpprc,Macf1,Mad1l1,Map1s,Map3k10,Map3k11,Map3k21,Map3k9,Mapre1,Marcks,Mark1,Mark2,Mark3,Mark4,Mid1,Myh1,Myh10,Myh11,Myh13,Myh14,Myh15,Myh2,Myh3,Myh4,Myh6,Myh7b,Myh8,Myh9,Myo1a,Myo1b,Myo1c,Myo1d,Myo1e,Myo1f,Myo1g,Myo1h,Myo9a,Myo9b,Nck2,Ndc80,Nedd9,Nek2,Net1,Nf1,Nin,Notch1,Notch2,Notch3,Notch4,Numa1,Nusap1,Ophn1,Pafah1b1,Palld,Pcgf5,Pcm1,Pcnt,Pdlim5,Pdlim7,Pif1,Pkd2l1,Plec,Plekhg2,Prex1,Prex2,Pxn,Rab3gap1,Rabgap1,Rabgap1l,Racgap1,Ralbp1,Ranbp10,Ranbp9,Rapgef5,Rasal2,Rdx,Rfc1,Rhof,Rock1,Rock2,Rrbp1,Sass6,Scin,Septin9,Shroom2,Smc1b,Smc3,Sorbs2,Sos1,Sos2,Spag5,Spta1,Sptan1,Sptb,Sptbn1,Sptbn2,Sptbn4,Sptbn5,Srgap1,Srgap2,Srgap3,Ssh2,Stau1,Stk38,Stk38l,Sun2,Syngap1,Tbcd,Tcp10a,Tcp10c,Tiam1,Tiam2,Tlk1,Tlk2,Top2a,Top2b,Tpx2,Tsc1,Ttk,Tuba1c,Tuba3b,Tuba8,Tubd1,Tubgcp2,Tubgcp3,Tubgcp5,Tubgcp6,Uxt,Vcl,Vil1,Vill,Wasf1,Wasf2,Wasl,Ywhae",323,1,1
"HALLMARK_MTORC1_SIGNALING",185,"Abcf2,Acaca,Acacb,Acly,Acsl3,Actr2,Actr3,Actr3b,Add1,Add2,Add3,Adipor2,Ak3,Ak4,Arpc5l,Asns,Atp2a1,Atp2a2,Atp2a3,Atp6v1d,Bcat1,Btg1,Bub1,Cacybp,Calr,Cct6a,Cct6b,Cd9,Cdkn1a,Cops5,Cth,Ctsc,Cxcr4,Cyp51,Dapp1,Dhcr24,Dhcr7,Eef1e1,Egln3,Elovl2,Elovl5,Elovl6,Eno1,Eno2,Eno3,Ero1a,Fads1,Fads2,Fads2b,Fads3,G6pd2,Gapdh,Gclc,Gm9892,Got1,Gpi1,Gsr,Gtf2h1,Hk1,Hk2,Hk3,Hkdc1,Hsp90b1,Hspa1a,Hspa1l,Hspa5,Hspa8,Hspd1,Idh1,Idh2,Ifrd1,Ifrd2,Igfbp3,Igfbp5,Ikbke,Immt,Itgb2,Itgb3,Itgb5,Itgb6,Itgb7,Ldha,Ldlr,Lgmn,Lrp8,Lta4h,Map2k3,Map2k6,Me1,Me2,Me3,Mthfd2,Mthfd2l,Nampt,Nfil3,Nfkbib,Nfyc,Niban1,Nmt1,Nmt2,Nufip1,Nup205,P4ha1,P4ha2,Pdap1,Pdk1,Pfkl,Pfkm,Pfkp,Pgm1,Pgm5,Phgdh,Pik3r1,Pik3r2,Pik3r3,Pitpna,Pitpnb,Pnp,Pnp2,Ppa1,Ppia,Prdx1,Psat1,Psma3,Psma4,Psmb5,Psmc2,Psmc4,Psmc6,Psmd12,Psmd13,Psmd14,Psme3,Psmg1,Psph,Qdpr,Rab1a,Rdh11,Rit1,Rit2,Rpa1,Rrm2,Rrm2b,Scd1,Scd2,Scd4,Sdf2l1,Sec11a,Sec11c,Serpinh1,Shmt1,Shmt2,Skap2,Slc1a4,Slc1a5,Slc2a1,Slc2a3,Slc2a4,Slc7a11,Sord,Sqle,Ssr1,Stip1,Sytl2,Tbk1,Tcea2,Tm7sf2,Tmem97,Tomm40,Tpi1,Trib3,Tuba1c,Tuba3b,Tuba8,Tubg1,Tubg2,Txnrd1,Txnrd3,Ube2d2a,Ube2d3,Uchl5,Ufm1,Ung,Uso1,Xbp1",252,1,1
"HALLMARK_MYC_TARGETS_V1",160,"Abce1,Acp1,C1qbp,Cad,Cbx3,Cct2,Cct3,Cct4,Cct7,Cdc20,Cdc45,Cdk2,Cdk4,Clns1a,Cops5,Cox5a,Cps1,Ctps2,Cul1,Cyc1,Ddx18,Ddx21,Ddx50,Dek,Dhx15,Dhx35,Dhx38,Dhx8,Dut,Eif1a,Eif1ad10,Eif1ad12,Eif1ad14,Eif1ad15,Eif1ad17,Eif1ad18,Eif1ad2,Eif1ad3,Eif1ad4,Eif1ad8,Eif1ax,Eif2s1,Eif3b,Eif3d,Eif3j1,Eif4a1,Eif4a2,Eif4e,Eif4e1b,Eif4g2,Eif4h,Erh,Fam120a,Fam120c,Fbl,Fbll1,Gm10146,Gm9892,H2az2,Hdac1,Hdac1-ps,Hdac2,Hddc2,Hnrnpa1,Hnrnpa2b1,Hnrnpa3,Hnrnpc,Hnrnpd,Hnrnpr,Hnrnpu,Hsp90aa1,Hspd1,Ifrd1,Ifrd2,Ilf2,Kpna2,Kpnb1,Ldha,Lsm7,Mad2l1,Mcm5,Mcm6,Mcm7,Mrpl23,Myc,Nap1l1,Ncbp1,Nolc1,Nop56,Orc2,Pa2g4,Pabpc1,Pabpc1l,Pabpc2,Pabpc4,Pabpc6,Pcna,Phb2,Pold2,Ppia,Ppm1g,Prdx3,Prpf31,Prps1l3,Prps2,Psma1,Psma2,Psma4,Psma6,Psma8,Psmb2,Psmb3,Psmc4,Psmc6,Psmd1,Psmd14,Psmd3,Psmd8,Pwp1,Rad23b,Ranbp1,Rpl22,Rpl34,Rpl34-ps2,Rpl6,Rplp0,Rps3,Rrm1,Ruvbl2,Serbp1,Set,Sf3a1,Slc25a3,Snrpa,Snrpb2,Snrpd1,Snrpd3,Snrpg,Srpk1,Srpk2,Srsf7,Ssb,Ssbp1,Stard7,Syncrip,Tardbp,Tfdp1,Trim28,Txnl4a,Tyms,U2af1l4,Uba2,Ube2l3,Usp1,Vdac3,Xpo1,Xpot,Xrcc6,Ywhae,Ywhaq",240,1,1
"HALLMARK_MYC_TARGETS_V2",43,"Bysl,Cbx3,Cdk4,Ddx18,Exosc5,Farsa,Hk1,Hk2,Hk3,Hkdc1,Hspd1,Imp4,Map3k15,Map3k5,Mcm5,Mphosph10,Mrto4,Mybbp1a,Myc,Noc4l,Nolc1,Nop2,Nop56,Pa2g4,Plk4,Ppan,Pprc1,Prmt3,Rabepk,Rcl1,Rrp12,Slc19a1,Slc19a2,Slc29a2,Sord,Supv3l1,Tbrg4,Tfb2m,Tmem97,Ung,Utp20,Wdr43,Wdr74",63,1,1
"HALLMARK_MYOGENESIS",257,"Ablim1,Ablim2,Ablim3,Ache,Acsl1,Acsl5,Acsl6,Acta2,Actb,Actg2,Actn1,Actn2,Actn3,Actn4,Adam12,Adam19,Aebp1,Agl,Agrn,Akt1,Akt2,Akt3,Ankrd1,Ankrd23,App,Avil,Bag1,Bche,Bdkrb2,Bin1,Cacng1,Camk2a,Camk2b,Camk2d,Camk2g,Casq2,Cd36,Cdkn1a,Cep128,Chat,Chrna1,Chrnb1,Ckm,Clu,Cnn1,Cnn3,Col15a1,Col1a2,Col2a1,Col3a1,Col4a1,Col4a2,Col4a6,Col6a1,Col6a2,Col6a3,Col6a4,Col6a5,Col6a6,Cpxm1,Crat,Cryab,Csrp3,Dapk2,Dennd2a,Dennd2c,Dmd,Dmpk,Dtna,Dtnb,Efs,Egfr,Eno1,Eno2,Eno3,Erbb2,Erbb3,Erbb4,Fabp3,Fdps,Fgf2,Fhl1,Fhl4,Fxyd1,Gaa,Gja5,Gsn,Hdac4,Hdac5,Hdac7,Hdac9,Hrc,Hspb8,Ifrd1,Ifrd2,Igf1,Igfbp3,Igfbp5,Igfbp7,Itga3,Itga6,Itga7,Itgb2,Itgb3,Itgb4,Itgb5,Itgb6,Itgb7,Kcnh1,Kcnh2,Kcnh5,Kcnh6,Kcnh7,Klf5,Lama1,Lama2,Lama3,Lama4,Lama5,Large1,Large2,Ldb3,Lpin1,Lpin2,Lpin3,Lsp1,Mapk12,Mapk13,Mapre3,Mb,Mef2a,Mef2d,Mgam,Mybpc1,Mybpc2,Mybpc3,Mybph,Myh1,Myh10,Myh11,Myh13,Myh14,Myh15,Myh2,Myh3,Myh4,Myh6,Myh7b,Myh8,Myh9,Myl1,Myl2,Myl4,Myl6,Mylpf,Myo1a,Myo1b,Myo1c,Myo1d,Myo1e,Myo1f,Myo1g,Myo1h,Myom1,Myom2,Myom3,Myoz1,Nav2,Nav3,Ncam1,Ncam2,Nos1,Nos2,Nos3,Notch1,Notch2,Notch3,Notch4,Ocel1,Pcx,Pde4dip,Pfkl,Pfkm,Pfkp,Pgam1,Pick1,Pkia,Plxna1,Plxna2,Plxna4,Plxnb1,Plxnb2,Plxnd1,Ppfia1,Ppfia2,Ppfia3,Ppfia4,Prnp,Prph,Psen2,Ptgis,Ptp4a3,Pvalb,Pygb,Pygl,Pygm,Rb1,Reep1,Reep2,Rit1,Rit2,Ryr1,Ryr2,Ryr3,Scd1,Scd2,Scd4,Scin,Sgcd,Sgcg,Sgcz,Sh3bgr,Sh3bgrl,Sh3bgrl2,Sirt2,Sis,Slc6a1,Slc6a11,Slc6a12,Slc6a13,Slc6a6,Sln,Smtnl2,Sorbs1,Sorbs3,Spdef,Speg,Spta1,Sptan1,Sspn,Svil,Tagln,Tead1,Tead4,Tgfb1,Tnni1,Tnni3,Tnnt1,Tnnt2,Tnnt3,Tpd52l1,Tpm2,Tpm3,Utrn,Vil1,Vill,Wdr33",307,1,1
"HALLMARK_NOTCH_SIGNALING",40,"Arrb1,Arrb2,Ccnd1,Ccnd2,Ccnd3,Cul1,Dll1,Dtx1,Dtx2,Dtx4,Fzd1,Fzd2,Fzd5,Fzd7,Hey2,Heyl,Jag1,Jag2,Kat2a,Kat2b,Lfng,Maml2,Mfng,Notch1,Notch2,Notch3,Notch4,Ppard,Prkca,Prkcb,Prkcg,Psen2,Psenen,Rbx1,Rfng,Rnf7,Sap30,Sap30l,Tcf7l2,Wnt2",43,1,1
"HALLMARK_OXIDATIVE_PHOSPHORYLATION",126,"Abcb7,Acaa2,Acadm,Acadvl,Acat1,Aco2,Afg3l1,Afg3l2,Aldh6a1,Atp1b1,Atp5pb,Atp6v0a1,Atp6v0a2,Atp6v0a4,Atp6v1c1,Atp6v1d,Atp6v1e1,Atp6v1g1,Atp6v1g3,Atp6v1h,Bckdha,Bdh2,Casp7,Cox10,Cox11,Cox15,Cox5a,Cox5b,Cox6a1,Cox6b1,Cox6c,Cox7a2l,Cox7b2,Cpt1a,Cpt1c,Cs,Cyb5a,Cyb5r3,Cyc1,Cycs,Cyct,Decr1,Dlat,Dld,Dlst,Echs1,Etfa,Etfb,Etfdh,Fdx1,Fh1,Fxn,Glud1,Gpi1,Gpx4,Grpel1,Hadha,Hadhb,Idh1,Idh2,Idh3a,Idh3b,Immt,Isca1,Ldha,Ldhb,Lrpprc,Maob,Mdh2,Mfn1,Mfn2,Mgst3,Mpc1,Mrpl11,Mrpl15,Mrpl35,Mrps11,Mrps15,Mtrf1,Mtx2,Ndufa4,Ndufa5,Ndufa8,Ndufa9,Ndufb1,Ndufb6,Ndufc1,Ndufc2,Ndufs1,Ndufs2,Ndufs3,Ndufs7,Ndufv2,Ogdh,Ogdhl,Oxa1l,Pdhx,Pdk4,Pdp1,Phb2,Phyh,Polr2f,Por,Prdx3,Retsat,Rhot1,Rhot2,Sdhb,Sdhc,Slc25a12,Slc25a13,Slc25a3,Slc25a4,Sucla2,Suclg1,Supv3l1,Tcirg1,Timm10,Timm17a,Timm50,Timm9,Uqcr11,Uqcrb,Uqcrh,Vdac2,Vdac3",197,1,1
"HALLMARK_P53_PATHWAY",194,"Abhd4,Acvr1b,Acvr1c,Ada,Aen,Alox12b,Alox5,Aloxe3,Apaf1,App,Atf3,AW551984,Baiap2,Bivm,Blcap,Bmp2,Btg1,Casp1,Cbr2,Ccnd1,Ccnd2,Ccnd3,Ccnk,Cd37,Cd82,Cdkn1a,Cdkn2a,Cdkn2aip,Cgrrf1,Clca1,Clca2,Clca3a1,Clca3a2,Clca3b,Clca4a,Clca4b,Clca4c-ps,Coq8a,Csrnp2,Ctsf,Ddb2,Def6,Dgka,Dgkb,Dgkg,Dram1,Ei24,Elp1,Epha1,Epha10,Epha2,Epha3,Epha4,Epha5,Epha6,Epha7,Epha8,Ephb1,Ephb2,Ephb3,Ephb4,Ephb6,Ephx1,Eps8l2,Ercc5,Fas,Fgf12,Fgf13,Fgf14,Foxo3,Gls,Gls2,Gm5519,H1f3,H2ac22,H2ac23,H2ax,Hexim1,Hras,Hspa4,Hspa4l,Hsph1,Inhba,Irak1,Isg20,Itch,Itgb4,Jag1,Jag2,Kif13a,Kif13b,Klf2,Klf4,Ldhb,Lif,Mdm2,Mknk1,Mknk2,Mxd1,Mxd4,Ndrg1,Nhlh2,Ninj1,Nol8,Notch1,Notch2,Notch3,Notch4,Nudt15,Pcna,Pdgfa,Perp,Pidd1,Pitpnc1,Plk2,Plxna1,Plxna2,Plxna4,Plxnb1,Plxnb2,Plxnd1,Pmm1,Polh,Pom121,Ppm1d,Prkab1,Prmt2,Ptpn14,Ptpn21,Ptpra,Ptprd,Ptpre,Ptprf,Ptprs,Pvt1,Rad51c,Ralgds,Rb1,Rchy1,Retsat,Rhbdf1,Rhbdf2,Rnf19a,Rnf19b,Rpl36,Rrp8,Rxra,Rxrg,S100a10,Sdc1,Serpinb5,Sertad3,Sesn1,Sesn3,Slc19a1,Slc19a2,Slc35d1,Slc35d2,Slc3a2,Slc7a11,Sp1,St14,Steap3,Stom,Stoml3,Tax1bp3,Tcn2,Tgfa,Tgfb1,Tgfbr1,Tm7sf3,Tnfrsf23,Tnfsf9,Tnni1,Tnni3,Tob1,Tpd52l1,Tprkb,Traf4,Trafd1,Trib3,Trp53,Tsc22d1,Upp1,Upp2,Vamp8,Vdr,Vwa5a,Wrap73,Wwp1,Wwp2,Zbtb16,Zfp365,Zfp36l1",284,1,1
"HALLMARK_PANCREAS_BETA_CELLS",45,"Abcc1,Abcc10,Abcc12,Abcc2,Abcc3,Abcc4,Abcc5,Abcc6,Abcc8,Abcc9,Akt1,Akt2,Akt3,Chga,Dpp4,Elp4,Fap,Foxo1,G6pc2,Gcg,Gck,Hnf1a,Ins1,Ins2,Insm1,Lmo2,Maf,Nkx2-2,Nkx6-1,Pak1,Pak2,Pak3,Pax4,Pax6,Pcsk2,Pklr,Pkm,Sec11a,Sec11c,Srp14,Srp9,Stxbp1,Stxbp2,Syt13,Vdr",57,1,1
"HALLMARK_PEROXISOME",144,"Abcb11,Abcb1a,Abcb1b,Abcb4,Abcb5,Abcb9,Abcc1,Abcc10,Abcc12,Abcc2,Abcc3,Abcc4,Abcc5,Abcc6,Abcc8,Abcc9,Abcd2,Abcd3,Acot8,Acox1,Acsl1,Acsl3,Acsl5,Acsl6,Alb,Aldh1a1,Aldh1a2,Aldh1a3,Aldh1a7,Aldh1b1,Aldh2,Aldh9a1,Atxn1,Bcl10,Cacna1a,Cacna1b,Cacna1c,Cacna1d,Cacna1e,Cacna1s,Cadm1,Cat,Cel,Chat,Cln6,Cln8,Crabp1,Crat,Ctbp1,Ctps2,Dhcr24,Dhrs3,Dio1,Dlg1,Dlg2,Dlg3,Dlg4,Eci3,Elovl2,Elovl5,Ephx2,Ercc1,Ercc3,Esr2,Fads1,Fads2,Fads2b,Fads3,Fdps,Gnpat,Hao2,Hmgcl,Hmgcll1,Hras,Hsd17b11,Hsd17b13,Ide,Idh1,Idh2,Itgb1bp1,Msh2,Nudt19,Pabpc1,Pabpc1l,Pabpc2,Pabpc4,Pabpc6,Pex11a,Pex11b,Pex13,Pex14,Pex2,Pex5,Pex6,Prdx1,Prdx5,Rdh11,Retsat,Rxra,Rxrg,Scp2,Sema3a,Sema3b,Sema3c,Sema3d,Sema3e,Sema3f,Sema3g,Serpina6,Slc23a1,Slc23a2,Slc25a17,Slc25a19,Slc25a4,Slc27a2,Slc27a6,Sod1,Sod2,Sult2a1,Sult2a2,Sult2a3,Sult2a4,Sult2a5,Sult2a6,Sult2a7,Sult2a8,Sult2b1,Top2a,Top2b,Tspo,Ttr,Ugt2a1,Ugt2a3,Ugt2b1,Ugt2b34,Ugt2b35,Ugt2b36,Ugt2b37,Ugt2b38,Ugt2b5,Vps4a,Vps4b,Ywhag,Ywhah",163,1,1
"HALLMARK_PI3K_AKT_MTOR_SIGNALING",128,"Acaca,Acacb,Actr2,Actr3,Actr3b,Akt1,Akt1s1,Akt2,Akt3,Arf1,Arf2,Arpc3,Atf1,Blk,Cab39,Cab39l,Calr,Cdk1,Cdk2,Cdk4,Cdkn1a,Cdkn1b,Cltc,Creb1,Cxcr4,Dapp1,Dusp3,E2f1,Egfr,Eif4e,Eif4e1b,Erbb2,Erbb3,Erbb4,Fasl,Fgf17,Fgf18,Fgf6,Fgf8,Fgr,Fyn,Gna11,Gna14,Gnaq,Gngt1,Grap,Grb2,Grk2,Grk3,Hck,Hras,Hsp90b1,Ikbke,Irak4,Itpr1,Itpr2,Itpr3,Lck,Lyn,Map2k3,Map2k6,Map3k7,Mapk1,Mapk10,Mapk3,Mapk8,Mapk9,Mapkap1,Mknk1,Mknk2,Nfkbib,Ngf,Nod1,Pak4,Pdk1,Pik3r1,Pik3r2,Pik3r3,Pikfyve,Pitx2,Pla2g12a,Plcb1,Plcb2,Plcb3,Plcb4,Plcg1,Plcg2,Ppp1cc,Ppp2r1a,Ppp2r1b,Prkaa1,Prkaa2,Prkag1,Pten,Ptpn11,Ptpn6,Rac1,Ralb,Ripk1,Rit1,Rit2,Rps6ka1,Rps6ka2,Rps6ka3,Rps6ka6,Rptor,Slc2a1,Slc2a3,Slc2a4,Smad2,Smad3,Src,Stat2,Tbk1,Them4,Tiam1,Tiam2,Tnfrsf1a,Traf2,Trib3,Ube2d2a,Ube2d3,Ube2n,Vav1,Vav2,Vav3,Yes1,Ywhab",146,1,1
"HALLMARK_PROTEIN_SECRETION",114,"Abca1,Abca12,Abca13,Abca17,Abca2,Abca4,Abca7,Adam10,Anp32e,Ap1b1,Ap2b1,Ap2s1,Arcn1,Arf1,Arf2,Arfgap3,Arfgef1,Arfgef2,Arfip1,Atp12a,Atp1a1,Atp1a3,Atp1a4,Atp4a,Atp6v1b1,Atp6v1b2,Atp6v1h,Atp7a,Atp7b,Bet1,Bnip3,Cd63,Clcn3,Clcn4,Cln5,Clta,Cltb,Cltc,Cog2,Copb1,Cope,Ctsc,Dnm1l,Dop1a,Dop1b,Dsp,Dst,Egfr,Erbb2,Erbb3,Erbb4,Ergic3,Galc,Gbf1,Gnal,Gnas,Gosr2,Ica1,Igf2r,Inpp5b,Kif1a,Kif1b,Kif1c,Lamp2,Lman1,Lman1l,Macf1,Mapk1,Mapk3,Mon2,Napa,Napb,Napg,Ocrl,Plec,Ppt1,Rab14,Rab22a,Rab2a,Rab31,Rab9,Rer1,Rps6ka1,Rps6ka2,Rps6ka3,Rps6ka6,Scamp3,Scrn1,Sec22b,Sec24c,Sec24d,Sec31a,Sgms1,Sh3gl2,Sh3gl3,Snap23,Sod1,Sspn,Stam,Stx12,Stx16,Stx7,Tmed10,Tmx1,Tom1l1,Tpd52,Tsg101,Uso1,Vamp3,Vamp4,Vps45,Vps4a,Vps4b,Zw10",131,1,1
"HALLMARK_REACTIVE_OXYGEN_SPECIES_PATHWAY",42,"Cat,Egln2,Epx,Ercc2,Fer,Ftl1-ps1,G6pd2,Gclc,Gclm,Glrx2,Gpx4,Gsr,Hhex,Ipcef1,Lamtor5,Lpo,Lsp1,Mbp,Mgst1,Mpo,Msra,Ndufs2,Pdlim1,Pfkl,Pfkm,Pfkp,Prdx1,Prdx6,Prdx6b,Prnp,Ptpa,Sbno1,Sbno2,Scaf4,Sod1,Sod2,Stk25,Txn1,Txndc8,Txnrd1,Txnrd2,Txnrd3",56,1,1
"HALLMARK_SPERMATOGENESIS",155,"Ace,Ace3,Acrbp,Acrv1,Adad1,Adam2,Agfg1,Akap3,Alox12,Arl4a,Art2b,Art3,Braf,Bub1,Canx,Ccna1,Ccnb2,Cct6a,Cct6b,Cdk1,Cftr,Chrm4,Clgn,Clpb,Clvs1,Clvs2,Cnih3,Coil,Crisp1,Crisp2,Crisp3,Cst13,Dbf4,Dcc,Ddx19a,Ddx19b,Ddx25,Dmc1,Dmrt1,Ezh1,Ezh2,Furin,Gad1,Gad2,Gfi1,Gfi1b,Gmcl1,Gpr182,Grm1,Grm2,Grm3,Grm4,Grm5,Grm6,Grm7,Grm8,Gsg1,Gstm2,Gstm3,Gstm4,Gstm6,Gstm7,H1f6,Hspa1a,Hspa1l,Hspa4,Hspa4l,Hspa5,Hspa8,Hsph1,Htr5b,Ide,Ift88,Il12rb2,Ilf3,Jam3,Kif2a,Kif2c,Ldhc,Lpin1,Lpin2,Lpin3,Map7,Mast1,Mast2,Mast3,Mast4,Mep1b,Mllt10,Mtnr1a,Mtnr1b,Mtor,Naa11,Ncaph,Nefh,Nefm,Nek2,Neo1,Nf2,Nos1,Nos2,Nos3,Nphp1,Odf1,Pacrg,Papola,Papolg,Parp1,Parp2,Pcsk4,Pcsk5,Pcsk6,Pebp1,Pgs1,Pias1,Pias2,Pias3,Pomc,Psmg1,Raf1,Scg3,Scg5,Septin4,She,Sirt1,Slc2a5,Slc2a7,Snap91,Spata6,Stam2,Strbp,Sycp1,Taldo1,Tcp11,Tcp11x2,Tekt2,Tkt,Tle1,Tle2,Tle3,Tle4,Tnni1,Tnni3,Tsn,Ttk,Tuba1c,Tuba3b,Tuba8,Tulp2,Vdac3,Ybx2,Zc2hc1c,Zc3h14,Znrf4,Zpbp",222,1,1
"HALLMARK_TGF_BETA_SIGNALING",77,"Acvr1,Acvr1b,Acvr1c,Arid4b,Bcar3,Bmp2,Bmpr1a,Bmpr1b,Bmpr2,Cdk9,Comp,Eng,Fkbp1a,Fnta,Furin,Hdac1,Hdac1-ps,Hdac2,Hipk1,Hipk2,Hipk3,Id2,Ifngr2,Klf10,Lefty1,Lefty2,Ltbp1,Ltbp2,Ltbp3,Ltbp4,Map3k7,Naip1,Naip2,Naip5,Naip6,Ncor2,Pcsk4,Pcsk5,Pcsk6,Pmepa1,Ppm1a,Ppm1n,Ppp1cc,Rab22a,Rab31,Serpine1,Ski,Slc20a1,Slc20a2,Smad1,Smad2,Smad3,Smad5,Smad6,Smad7,Smad9,Smurf1,Smurf2,Sptb,Sptbn1,Sptbn2,Sptbn4,Sptbn5,Tgfb1,Tgfbr1,Tgif1,Thbs1,Thbs2,Thbs4,Tjp1,Tjp2,Tjp3,Trim24,Trim33,Ube2d2a,Ube2d3,Xiap",89,1,1
"HALLMARK_TNFA_SIGNALING_VIA_NFKB",192,"Abca1,Abca12,Abca13,Abca17,Abca2,Abca4,Abca7,Ackr3,Areg,Atf3,Atp2b1,Atp2b2,Atp2b3,Atp2b4,B4galt1,B4galt5,Bcl3,Birc2,Birc3,Bmp2,Btg1,Btg3,Ccl5,Ccl7,Ccn1,Ccn2,Ccnd1,Ccnd2,Ccnd3,Cd44,Cd69,Cd83,Cdkn1a,Cebpd,Cflar,Clcf1,Clec2m,Csf1,Cxcl15,Dennd5a,Dennd5b,Dnajb4,Dram1,Dusp1,Dusp4,Dusp5,Edn1,Efna1,Egr2,Egr3,Ehd1,Ehd2,Ehd3,Ehd4,Ets2,F3,Fosb,Fosl1,Fosl2,Fut4,Gch1,Gem,Icam1,Icam5,Icosl,Id2,Ifih1,Ifit2,Ifit3b,Ifngr2,Il15ra,Il18,Il23a,Inhba,Irs2,Irs3,Jag1,Jag2,Kdm6b,Klf10,Klf2,Klf4,Klf6,Klf9,Kynu,Lamb3,Ldlr,Lif,Lrp8,Maff,Map2k3,Map2k6,Map3k8,Marcks,Mcl1,Mxd1,Myc,Naip1,Naip2,Naip5,Naip6,Nampt,Nfe2l2,Nfil3,Nfkb1,Nfkbia,Nfkbie,Ninj1,Nr4a1,Nr4a2,Nr4a3,Olr1,Panx1,Panx3,Pde4a,Pde4b,Pde4c,Pde4d,Pdlim5,Pdlim7,Per1,Per2,Pfkfb2,Pfkfb3,Pfkfb4,Phlda1,Plau,Plaur,Plek,Plpp3,Pmepa1,Pnrc1,Ptgs1,Ptpra,Ptprd,Ptpre,Ptprf,Ptprs,Rcan1,Rel,Rela,Relb,Rhob,Ripk2,Rnf19a,Rnf19b,Sdc4,Serpinb2,Serpinb8,Serpine1,Sgk1,Sik1,Sik2,Slc16a6,Slc2a1,Slc2a3,Slc2a6,Smad2,Smad3,Sod2,Spsb1,Spsb4,Stat5a,Stat5b,Tank,Tgif1,Tnc,Tnf,Tnfaip2,Tnfaip3,Tnfaip6,Tnfrsf9,Tnfsf9,Tnip2,Tnn,Tnr,Tnxb,Traf1,Trib1,Trip10,Tsc22d1,Tubb1,Tubb2a,Tubb2b,Tubb3,Tubb5,Tubb6,Uty,Vegfa,Yrdc,Zbtb10,Zc3h12a",250,1,1
"HALLMARK_UNFOLDED_PROTEIN_RESPONSE",98,"Aldh18a1,Arfgap1,Asns,Atf3,Atf4,Atf6,Bag3,Banf1,Calr,Ccl7,Cebpg,Cks1brt,Cnot2,Cnot4,Dctn1,Ddx10,Dnaja4,Dnajc3,Eef2,Eftud2,Eif2ak3,Eif2s1,Eif4a1,Eif4a2,Eif4a3,Eif4a3l1,Eif4e,Eif4e1b,Eif4ebp1,Eif4ebp2,Ern1,Ern2,Ero1a,Exoc2,Exosc1,Exosc10,Exosc4,Exosc5,Exosc9,Fkbp14,Gosr2,H2ac22,H2ac23,H2ax,Hsp90b1,Hspa1a,Hspa1l,Hspa5,Hspa8,Hyou1,Ifit1bl1,Ifit1bl2,Igfbp1,Imp3,Kdelr1,Kdelr2,Kdelr3,Khsrp,Kif5a,Kif5b,Kif5c,Kifc3,Lsm1,Lsm4,Mthfd2,Nabp1,Nfya,Nfyb,Nolc1,Nop14,Nop56,Pdia6,Pop4,Preb,Psat1,Sdad1,Sec11a,Sec11c,Sec31a,Shc1,Slc1a4,Ssr1,Tubb1,Tubb2a,Tubb2b,Tubb3,Tubb5,Tubb6,Vegfa,Wfs1,Wipi1,Wipi2,Xbp1,Xpot,Yif1a,Yif1b,Ywhaz,Zbtb17",142,1,1
"HALLMARK_UV_RESPONSE_DN",241,"Acvr2a,Acvr2b,Add1,Add2,Add3,Adgrl2,Adgrl3,Adora2a,Adora2b,Akt1,Akt2,Akt3,Amph,Anxa2,Anxa4,Apbb2,Arhgef4,Arhgef9,Atp2b1,Atp2b2,Atp2b3,Atp2b4,Atrn,Atrnl1,Atrx,Atxn1,AU018091,Bckdhb,Bdnf,Blk,Bmpr1a,Bmpr1b,Cacna1a,Cacna1b,Cacna1c,Cacna1d,Cacna1e,Cacna1s,Cap2,Ccn1,Ccn2,Cdc42bpa,Cdc42bpb,Cdc42bpg,Cdk12,Cdk13,Cdkn1b,Cdon,Celf1,Celf2,Cited2,Col11a1,Col1a2,Col2a1,Col3a1,Col5a2,Col5a3,Csf1r,Dbp,Ddah1,Dlc1,Dmac2l,Dyrk1a,Dyrk1b,Efemp1,Efemp2,Egfr,Erbb2,Erbb3,Erbb4,F3,Fbln5,Fgr,Fhl2,Fyn,Fzd1,Fzd2,Fzd7,Gcnt1,Gja1,Grk4,Grk5,Grk6,Has2,Has3,Hck,Ica1,Igf1r,Igfbp3,Igfbp5,Inpp4a,Inpp4b,Insr,Insrr,Irs1,Irs3,Itgb2,Itgb3,Itgb5,Itgb6,Itgb7,Kcnma1,Kcnu1,Kit,Lamc1,Lamc2,Lamc3,Lck,Ldlr,Lpar1,Lrp8,Ltbp1,Ltbp2,Ltbp3,Ltbp4,Lyn,Magi1,Magi2,Magi3,Map2k5,Mapk14,Met,Mgmt,Mios,Mmp14,Mmp15,Mmp16,Mmp24,Mrps31,Mst1r,Mta1,Mta2,Mta3,Myc,Nek7,Nfia,Nfib,Nfic,Nfix,Nfkb1,Notch1,Notch2,Notch3,Notch4,Nrp1,Nrp2,Ntn1,Ntn3,Pdlim5,Pdlim7,Pex14,Phf3,Pias1,Pias2,Pias3,Pik3ca,Pik3cb,Pik3cd,Pik3r1,Pik3r2,Pik3r3,Plcb2,Plcb3,Plcb4,Plpp3,Pmp22,Prdm2,Prkar2a,Prkar2b,Prkca,Prkcb,Prkce,Prkcg,Prkch,Pten,Ptgfr,Ptpn14,Ptpn21,Ptprk,Ptprm,Ptprt,Ptpru,Rbpms,Rbpms2,Rnd3,Runx1,Runx2,Runx3,Rxra,Rxrg,Scaf8,Scn10a,Scn11a,Scn1a,Scn2a,Scn3a,Scn4a,Scn5a,Scn7a,Scn8a,Scn9a,Sdc2,Serpine1,Sipa1,Sipa1l1,Sipa1l2,Sipa1l3,Slc22a18,Slc7a1,Slc7a2,Smad2,Smad3,Smad6,Smad7,Snai2,Spata13,Spop,Spopl,Src,Sri,Stard13,Syne1,Syne2,Synj1,Synj2,Tdpoz9-ps1,Tfpi,Tgfbr3,Tjp1,Tjp2,Tjp3,Togaram1,Vav1,Vav2,Vav3,Wdr33,Wdr37,Yes1,Ythdc1,Zmiz1,Zmiz2",270,1,1
"HALLMARK_UV_RESPONSE_UP",199,"4930486L24Rik,Abcb11,Abcb1a,Abcb1b,Abcb4,Abcb5,Ago1,Ago2,Ago3,Ago4,Amd1,Ap2s1,Arrb1,Arrb2,Asns,Atf3,Atp6v1c1,Axl,Bcl2l11,Bid,Blk,Bmp2,Bsg,Btg1,Btg3,Car2,Casp3,Ccnd1,Ccnd2,Ccnd3,Ccne1,Cdc34,Cdc5l,Cdk2,Cebpg,Chka,Chrna5,Cnp,Col1a2,Col2a1,Creg1,Ctsl,Ctsm,Cxcl15,Cyb5r1,Cyp1a1,Cyp1a2,Ddx21,Ddx50,Dgat1,Dlg1,Dlg2,Dlg3,Dlg4,Dnaja1,E2f4,E2f5,Eif2s3y,Eif5,Eno1,Eno2,Eno3,Epcam,Ephx1,Fen1,Fgr,Fkbp4,Fmo1,Fmo2,Fmo3,Fmo5,Fmo6,Fmo9,Fosb,Furin,Fyn,Gch1,Ggh,Gls,Gls2,Gm4846,Gm4847,Grina,Grpel1,H2-M10.3,H2-M10.6,H2-M11,H2-M2,H2-M9,H2-Q1,H2-Q10,H2-Q4,H2-Q6,H2-T22,H2ac22,H2ac23,H2ax,Hck,Hnrnpu,Hspa13,Hspa1a,Hspa1l,Hspa5,Hspa8,Htr7,Icam1,Icam5,Igfbp2,Kcnh2,Kcnh6,Kcnh7,Klhdc3,Lck,Lhx2,Lhx9,Lyn,Maob,Mapk8ip2,Mark1,Mark2,Mark3,Mark4,Mertk,Mmp14,Mmp15,Mmp16,Mmp24,Mpst,Mrpl23,Msx2,Nat1,Nat2,Nat3,Nfkbia,Npcd,Nptx1,Nptx2,Nptxr,Nr4a1,Ntrk1,Ntrk2,Ntrk3,Nxf1,Olfm1,Olfm3,Onecut2,Onecut3,Parp1,Parp2,Pcsk4,Pcsk5,Pcsk6,Pdap1,Pdlim3,Plcl1,Plcl2,Polg2,Ppat,Ppt1,Prkaca,Prkacb,Prpf3,Psmc3,Ptpra,Ptprd,Ptpre,Ptprf,Ptprs,Rab27a,Rab27b,Rasgrp1,Rasgrp3,Ret,Rhob,Slc25a4,Slc6a1,Slc6a11,Slc6a12,Slc6a13,Slc6a6,Smok3a,Sod2,Spr,Src,Stard3,Stip1,Stk25,Tacr1,Tacr3,Tgfbrap1,Tmbim6,Tuba1c,Tuba3b,Tuba8,Tyro3,Ube2r2,Urod,Wiz,Yes1",295,1,1
"HALLMARK_WNT_BETA_CATENIN_SIGNALING",55,"Adam17,Axin1,Axin2,Ccnd1,Ccnd2,Ccnd3,Csnk1d,Csnk1e,Cul1,Dkk1,Dll1,Dvl1,Dvl2,Dvl3,Frat1,Frat2,Fzd1,Fzd2,Fzd5,Fzd7,Gnai1,Gnai2,Gnai3,Hdac1,Hdac1-ps,Hdac2,Hdac4,Hdac5,Hdac7,Hdac9,Hey2,Jag1,Jag2,Kat2a,Kat2b,Lef1,Myc,Ncor2,Ncstn,Notch1,Notch2,Notch3,Notch4,Numb,Peg12,Ppard,Psen2,Ptch1,Ptch2,Rbpj,Trp53,Wnt1,Wnt5a,Wnt5b,Wnt6",59,1,1
"HALLMARK_XENOBIOTIC_METABOLISM",269,"Abcc1,Abcc10,Abcc12,Abcc2,Abcc3,Abcc4,Abcc5,Abcc6,Abcc8,Abcc9,Abcd2,Aco2,Acox1,Acox3,Acp1,Acp2,Adh1,Adh4,Adh5,Adh6a,Adh6b,Akr1c12,Akr1c13,Akr1c14,Akr1c18,Akr1c19,Akr1c20,Akr1c21,Akr1c6,Akr1cl,Aldh1a1,Aldh1a2,Aldh1a3,Aldh1a7,Aldh1b1,Aldh2,Aldh3a1,Aldh3a2,Aldh9a1,Aox1,Aox2,Aox3,Aox4,Ap4b1,Apoe,Aqp9,Arg1,Arg2,Arpp19,Asl,Atoh8,Atp2a1,Atp2a2,Atp2a3,Bcat1,Blvrb,Bphl,C2,Car2,Casp6,Cat,Cbr2,Ccl25,Cd36,Cda,Cfb,Cndp1,Cndp2,Comt,Crot,Crp,Csad,Ctnnb1,Cyb5a,Cyp17a1,Cyp1a1,Cyp1a2,Cyp27a1,Cyp2ab1,Cyp2c29,Cyp2c37,Cyp2c38,Cyp2c39,Cyp2c40,Cyp2c50,Cyp2c54,Cyp2c55,Cyp2c65,Cyp2c66,Cyp2c67,Cyp2c68,Cyp2c69,Cyp2c70,Cyp2e1,Cyp2j11,Cyp2j12,Cyp2j13,Cyp2j5,Cyp2j6,Cyp2j7,Cyp2j8,Cyp2j9,Cyp2s1,Cyp4f13,Cyp4f14,Cyp4f15,Cyp4f16,Cyp4f17,Cyp4f18,Cyp4f39,Cyp4f40,Ddah1,Ddc,Dhps,Dhrs1,Dhrs7,Elovl2,Elovl5,Enpep,Entpd5,Epha1,Epha10,Epha2,Epha3,Epha4,Epha5,Epha6,Epha7,Epha8,Ephb1,Ephb2,Ephb3,Ephb4,Ephb6,Ephx1,Esr1,Etfdh,Ets2,F10,F11,F12,F9,Fah,Fas,Fbln1,Fbp1,Fbp2,Fmo1,Fmo2,Fmo3,Fmo5,Fmo6,Fmo9,G6pc2,Gad1,Gad2,Gadl1,Gart,Gch1,Gckr,Gclc,Gcnt2,Gm4846,Gm4847,Gnmt,Gsr,Gss,Gsta1,Gsta2,Gsta5,Gstm2,Gstm3,Gstm4,Gstm6,Gstm7,Gstt2,Hdc,Hnf4a,Hnf4g,Id2,Idh1,Idh2,Igf1,Igfbp1,Il1r1,Jup,Klkb1,Kynu,Lonp1,Lpin1,Lpin2,Lpin3,Man1a,Man1a2,Man1c1,Maob,Mpp2,Mthfd1,Mthfd1l,Ndrg2,Nfs1,Ninj1,Nmt1,Nmt2,Npc1,Npc1l1,Papss1,Papss2,Pcx,Pdk4,Pdlim5,Pdlim7,Pemt,Pgd,Pgrmc2,Pink1,Plg,Pmm1,Por,Ppard,Ptgds,Ptges,Ptgr1,Pycr1,Pycr2,Rap1gap,Rap1gap2,Reg1,Reg2,Retsat,Serpina6,Serpine1,Sertad1,Shmt1,Shmt2,Slc1a5,Slc22a1,Slc22a2,Slc35b1,Slc35b3,Slc35d1,Slc35d2,Slc46a3,Slc6a1,Slc6a11,Slc6a12,Slc6a13,Slc6a6,Smox,Spint2,Tdo2,Tgfb2,Tkfc,Tmbim6,Tmem176b,Tmem97,Tnfrsf1a,Tnfrsf23,Tomt,Tpst1,Ttpa,Tyr,Ugdh,Upp1,Upp2,Vnn1,Vnn3,Vtn,Xdh",312,1,1
