"ID","Size","enrichmentScore","NES","pvalue","padj","leading_edge","core_enrichment"
"HALLMARK_UV_RESPONSE_DN",241,0.599935176721273,1.93735655456427,1e-10,1.66666666666667e-09,"tags=50%, list=17%, signal=42%","Adgrl3/Atrnl1/Celf2/Magi2/Nfia/Nfib/Atxn1/Magi1/Syne1/Ptprt/Cacna1c/Kcnma1/Prkca/Ptprk/Apbb2/Akt3/Ptprm/Cacna1d/Cacna1e/Erbb4/Prkce/Sipa1l1/Ltbp1/Scn1a/Inpp4b/Plcb4/Vav3/Igf1r/Syne2/Atp2b2/Sipa1l3/Scn2a/Map2k5/Runx2/Stard13/Prkcb/Egfr/Mmp16/Scn8a/Fyn/Runx1/Dlc1/Nek7/Bmpr1b/Magi3/Tjp2/Tjp1/Rbpms/Pias2/Ica1/Dyrk1a/Prkch/Add3/Ptpn14/Spata13/Ntn1/Lpar1/Cacna1a/Bckdhb/Cdc42bpa/Scn7a/Scn9a/Synj2/Atrn/Notch2/Scaf8/Lamc1/Itgb5/Zmiz1/Ddah1/Smad3/Insr/Inpp4a/Nfix/Arhgef4/Prkar2b/Vav2/Pdlim5/Sipa1l2/Tgfbr3/Adgrl2/Nfkb1/Mgmt/Met/Cap2/Smad6/Atp2b1/Scn10a/Nrp2/Efemp1/Pik3r1/Pten/Bdnf/Pik3ca/Pias1/Cdk13/Lrp8/Celf1/Grk5/Slc7a2/Prdm2/Scn5a/Grk4/Sdc2/Slc7a1/Lamc2/Plpp3/Lyn/Togaram1/Cacna1b/Akt2/Atp2b4/Scn3a/Ptpn21/Add2/Phf3/Mta3/Synj1/Lamc3/Prkar2a/Itgb6"
"HALLMARK_MITOTIC_SPINDLE",284,0.562865731438394,1.82851726703234,1e-10,1.66666666666667e-09,"tags=61%, list=26%, signal=46%","Dst/Arhgap26/Tiam1/Dock4/Sorbs2/Myo1d/Dock1/Rabgap1l/Srgap1/Macf1/Rasal2/Rapgef5/Dnah5/Arhgap10/Fgd6/Tiam2/Kif1b/Sptbn1/Kif5c/Farp1/Myo1b/Akap13/Srgap3/Dnah7c/Epb41l2/Ccdc88a/Prex2/Nin/Dnah7a/Dnah14/Dock2/Dnah9/Prex1/Nf1/Cep192/Dock3/Dnah12/Palld/Clasp1/Nedd9/Septin9/Mad1l1/Katnal1/Dnah2/Clasp2/Ccdc88c/Srgap2/Ssh2/Nck2/Cdc42bpa/Dock5/Abr/Dnah7b/Tbcd/Epb41l3/Sos1/Arhgap42/Clip1/Pcnt/Ranbp9/Notch2/Dync2h1/Myo9a/Bcr/Dnah11/Cdk5rap2/Cyth3/Arhgef12/Myo1e/Tlk1/Arhgef11/Myh10/Vcl/Pdlim5/Sptb/Pcgf5/Dnah10/Rabgap1/Fgd4/Tpx2/Dab2ip/Clip2/Abl2/Arhgap35/Dnah6/Ckap5/Ywhae/Itsn2/Kifc3/Rock2/Arfgef2/Abi1/Kntc1/Rock1/Dync1h1/Avil/Myh15/Dnah17/Kif2a/Wasf2/Farp2/Epb41/Abi2/Myh13/Abl1/Myo1h/Alms1/Actn2/Wasf1/Arhgef7/Mark3/Gsn/Fgd3/Lrpprc/Rrbp1/Arhgef2/Csnk1e/Kif28/Cd2ap/Flnb/Wasl/Sos2/Capzb/Mark2/Myh11/Arl8b/Arhgap29/Anln/Cdc27/Cenpj/Hook3/Sass6/Kifap3/Hook1/Dnah3/Tubgcp2/Mark4/Top2a/Pxn/Arfgef1/Actn4/Als2/Actn1/Smc1b/Cdc42bpb/Notch1/Map3k21/Pcm1/Cenpf/Scin/Smc3/Rab3gap1/Katna1/Myh9/Kif1a/Cntrl/Sptbn2/Klc1/Mark1/Myh14/Sptbn5/Hdac7/Kif5a/Cyth1/Kif11/Rfc1/Kif20b/Kif5b/Myh2/Tubgcp3/Ralbp1/Myh8/Myh7b/Tlk2"
"HALLMARK_APICAL_JUNCTION",269,0.49598132197306,1.61017184991965,1e-10,1.66666666666667e-09,"tags=48%, list=27%, signal=35%","Cntn4/Exoc4/Nlgn1/Nrxn1/Nrxn3/Cntn5/Lama2/Kcnh7/Slit3/Lsamp/Cntn6/Akt3/Cntn1/Ppp2r2b/Negr1/Erbb4/Nrcam/Neb/Adamts20/Chl1/Map4k3/Vav3/Cdh4/Adam22/Cntn3/Egfr/Ptk2/Slit2/Lama3/Fbn2/Cdh2/Map3k20/Parva/Epb41l2/Fyn/Itga6/Nf1/Tjp2/Tjp1/Rsu1/Skap2/Fbn1/Nfasc/Cdk19/Evl/Tll1/Adam23/Epb41l3/Tspan9/Col9a1/Lamc1/Itgb5/Sgce/Slit1/Myh10/Vcl/Pard6g/Vav2/Vwf/Nrxn2/Adamts9/Plcg2/Itga2/Ptk2b/Cldn14/Pik3r1/Lama4/Pten/Lima1/Itga1/Pecam1/Lamb3/Myh15/Ppp2r2c/Lamc2/Gnai3/Ctnnd1/Lyn/Epb41/Myh13/Pard6b/Akt2/Map4k5/Actn2/Arhgef7/Inpp5d/Tll2/Ptprc/Lama1/Lamc3/Itgb6/Flnb/Dhx35/Wasl/Jam3/Myh11/Dhx38/Itgb3/Col16a1/Nrap/Atp1a4/Actn4/Actn1/Adamts5/Adam9/Dhx8/Cd276/Ldlrap1/Zap70/Myh9/Irs1/Plcg1/Parvb/Myh14/Sdc3/Colgalt2/Itgb2/B4galt1/Mmp9/Baiap2/Erbb3/Chat/Myh2/Myh8/Myh7b/Itga11/Cdh1/Cdk8/Nectin1"
"HALLMARK_MYOGENESIS",257,0.491203691358947,1.59131457822895,5.18439348035661e-10,6.48049185044576e-09,"tags=50%, list=28%, signal=36%","Hdac9/Nav3/Utrn/Nav2/Lama2/Kcnh7/Sgcd/Sgcz/Ryr2/Akt3/Ryr3/Sorbs1/Erbb4/Plxna4/Ncam1/Myo1d/Ppfia2/Ablim1/Adam12/Cep128/App/Dtna/Pde4dip/Ncam2/Dtnb/Egfr/Kcnh1/Lama3/Kcnh5/Myo1b/Itga6/Rit2/Tead1/Hdac4/Large1/Camk2d/Svil/Mybpc1/Sh3bgrl2/Notch2/Col4a2/Itgb5/Nos1/Adam19/Myo1e/Myom1/Pygb/Myh10/Gja5/Ablim2/Col15a1/Ryr1/Dennd2c/Col4a1/Col6a6/Rb1/Lama4/Agl/Mgam/Lpin1/Pfkm/Lpin2/Slc6a11/Col6a5/Dapk2/Ptgis/Col6a4/Avil/Myh15/Nos2/Camk2b/Reep1/Myh13/Akt2/Myo1h/Actn2/Acsl5/Gsn/Lama1/Itgb6/Myh11/Itgb3/Pygl/Camk2g/Ablim3/Pcx/Dennd2a/Slc6a6/Plxna2/Dmd/Actn4/Actn1/Cd36/Notch1/Scin/Mb/Acsl1/Pfkp/Myh9/Myom2/Ppfia1/Myh14/Hdac7/Wdr33/Itgb2/Myom3/Ppfia4/Large2/Scd2/Ifrd1/Erbb3/Pkia/Ppfia3/Cnn3/Chat/Myl4/Lpin3/Myh2/Camk2a/Myh8/Myh7b/Psen2/Igf1/Casq2/Tead4/Mef2a/Tpd52l1/Nos3"
"HALLMARK_EPITHELIAL_MESENCHYMAL_TRANSITION",219,0.464018379230251,1.49502998926232,4.98088879885798e-07,4.98088879885798e-06,"tags=48%, list=30%, signal=34%","Dst/Lrp1b/Ntm/Opcml/Lama2/Sgcd/Slit3/Cadm1/Sgcz/Tnr/Macf1/Adam12/Cdh4/Slit2/Lama3/Fbn2/Cdh2/Mmp16/Cald1/Sntb1/Lrp6/Fbn1/Ntn1/Cd44/Tll1/Wipf1/Col14a1/Fap/Notch2/Col4a2/Lamc1/Mfap5/Itgb5/Adam19/Slit1/Lrp1/Itga8/Vegfc/Tgfbr3/Igfbp2/P3h2/Cap2/Col4a1/Lrp2/Nid2/Col6a6/Fn1/Lama4/Serpine2/Gm19410/Bdnf/Col4a3/Slc6a11/Col6a5/Col6a4/Lamc2/Col12a1/Mest/Lrp5/Matn2/Col5a1/Tll2/Lama1/Lamc3/Itgb6/Flnb/Prrx2/Itgb3/Lrp4/Col16a1/Slc6a6/Sntb2/Notch1/Sfrp1/Mmp24/Pmepa1/Colgalt2/Fbln1/Glipr1l1/Wdr33/Itgb2/Col11a1/Itgav/Tpm1/Col5a2/Cdh1/Dpp4/Postn/Il15/Tnfaip3/Fbln5/Prrx1/Anpep/Fermt2/Bmp1/Col1a2/Tnc/Plec/Igsf10/Col6a3/Lama5/Mmp15/Col5a3/Tnxb/Tnn/Cdh3"
"HALLMARK_ESTROGEN_RESPONSE_EARLY",233,0.445583793742082,1.43713899639738,1.21571957830383e-05,0.000101309964858653,"tags=46%, list=30%, signal=33%","Adcy2/Nav3/Nav2/Thsd4/Tiam1/Mpped2/Ablim1/Igf1r/Bcl11a/Slc24a3/Stard13/Kazn/Tiam2/Gab2/Farp1/Adcy8/Elf1/Dlc1/Tjp2/Tjp1/Calcrl/Gfra1/Add3/Rab31/Celsr1/Fer1l6/Cd44/Svil/Med13l/Greb1l/Bcl11b/Aff1/Myof/Deptor/Ttc39b/Adcy1/Insr/Sybu/Jak2/Slc2a3/Adcy7/Adcy5/Rbbp8/Bcl2/Itpk1/Ablim2/Jak1/Fkbp5/Dysf/Greb1/Nrip1/Ncor2/Rasgrp1/Mapt/Endod1/Slc7a2/Papss1/Slc37a1/Adcy3/Slc7a1/Farp2/Reep1/Ovol2/Olfm3/Slc1a1/Scarb1/Elovl2/Add2/Med13/Inpp5f/Slc24a4/Frk/Tbc1d30/Ablim3/Rps6ka2/Ccnd3/Calcr/Rrp12/Abhd2/Fhl2/Olfm1/Otof/Mreg/Myb/Ugcg/Arl3/B4galt1/Fer1l4/Slc37a2/Mindy1/Rasgrp3/Sult2a3/Rarb/Rps6ka1/Tpd52l1/Syngr1/Rara/Slc27a6/Podxl/Celsr2/Prss23/Kdm4b/Car12/Mpped1/Akap1/Celsr3/Rab22a/Jak3"
"HALLMARK_ANDROGEN_RESPONSE",138,0.466221470058597,1.47223310262954,9.98335585276187e-05,0.000713096846625848,"tags=54%, list=31%, signal=38%","Arid5b/Akt3/Adamts20/Inpp4b/Abcc4/Stk39/Cdk6/Ptk2/Bmpr1b/Pias2/Map7/Ptpn14/Sec24d/Zmiz1/Inpp4a/Tpd52/Sgk1/Itga8/Pdlim5/Akap12/Herc3/Acsl3/Adamts9/Fkbp5/Ptk2b/Tsc22d1/Mertk/Zbtb10/Pias1/Oxsr1/Abcc5/Xrcc6/Gnai3/Akt2/Actn2/Xrcc5/Homer2/Ptpn21/Elovl2/Gsr/Abcc9/Mak/Camkk2/Gucy1a1/Herc4/Rps6ka2/Ccnd3/Actn4/Actn1/Adamts5/Rrp12/Abhd2/Aldh1a1/Abcc12/Abcc6/Abcc8/Pmepa1/B4galt1/Scd2/Itgav/Abcc1/Rps6ka1/Bmpr1a/Aldh2/Slc38a2/Abcc3/Aldh1a3/Tmem50b/Gnai1/Cilk1/Scd1/Vapa/Adamts4/Elovl5/Lman1"
"HALLMARK_APICAL_SURFACE",81,0.502604241182065,1.53906680553017,0.00016437726312275,0.00102735789451719,"tags=36%, list=16%, signal=30%","Epha6/Mdga2/Atp8a2/Ephb1/Ntng1/App/Epha5/Epha7/Atp8a1/Akap7/Epha4/Fyn/Mdga1/Epha3/Pkhd1/Pkhd1l1/Scube1/Sulf1/Ephb2/Crybg1/Atp8b1/Scube2/Atp11a/Adam10/Atp8b4/Atp11b/Lyn/Slc22a22/Ncoa6"
"HALLMARK_HEDGEHOG_SIGNALING",59,0.541077543950311,1.62035568699151,0.000211989317561616,0.00117771843089786,"tags=41%, list=15%, signal=35%","Arhgap26/Slit3/Nrcam/Chl1/Unc5d/Rtn1/Arhgap10/Cdk6/Slit2/Unc5c/Nf1/Celsr1/Nfasc/Tle4/Arhgap42/Dpysl2/Dpysl3/Slit1/Myh10/Nrp2/Dpys/Lrp8/Myh15/Myh13"
"HALLMARK_IL2_STAT5_SIGNALING",235,0.40452403174175,1.30475181452573,0.000966438317610917,0.00483219158805458,"tags=33%, list=21%, signal=26%","Dst/Tiam1/Rora/Prkce/Myo1d/Rabgap1l/Macf1/Scn1a/Pcsk5/Igf1r/Scn2a/Ncoa2/Serpinb6a/Tiam2/Myo1b/Scn8a/Itga6/Hipk3/Spred2/Prkch/Pcsk6/Cd44/Lrrc8d/Scn7a/Ikzf2/Scn9a/Sh3bgrl2/Lrrc8c/Ncoa3/Ttc39b/Cyfip2/Hipk2/Abcb11/Phtf2/Insr/Enpp3/Slc2a3/Myo1e/Itga8/Pou2f1/Bcl2/Capn8/Rabgap1/Scn10a/Galm/Bmpr2/Enpp1/Nrp2/Igf2r/Plagl1/Slc39a8/Lrrc8b/Enpp2/Scn5a/Snx9/Lclat1/Itih5/Capn9/Myo1h/Scn3a/Capn2/Abcb4/Map6/Dennd5b/Hk1/Abcb1b/Uck2/Abcb5/Phtf1/Hk2/Wls/Gucy1b1/Ccnd3/Socs2/Gbp8/Scn11a/Swap70"
"HALLMARK_COMPLEMENT",244,0.404005190465438,1.30550159409512,0.00146345126385606,0.00609771359940025,"tags=42%, list=30%, signal=30%","Lrp1b/Dock4/Zfpm2/Dock1/Cpq/L3mbtl4/Usp15/Gng2/Mmp16/Fyn/Irf2/Dock2/Zeb2/Dock3/Pclo/Dock9/Lrp6/Dgkh/Me1/Gpd2/Dock10/Dock5/Zeb1/Fap/Notch2/Col4a2/Dock8/Xpnpep1/Jak2/Dock7/Lrp1/Me3/Jak1/Col4a1/Lrp2/Fn1/Spock2/Gm19410/Lipo3/Rasgrp1/Timp2/Cpm/Gnai3/Prep/Lyn/Lrp5/Actn2/Dgkd/L3mbtl3/F5/Kynu/Wasl/Plek/Brpf3/Hnf4g/Lrp4/Pik3r5/Gca/Serpina1b/Cda/Dock6/Actn4/Actn1/Cd36/Notch1/Brd1/Adam9/Klkb1/Dusp5/Scg3/Csrp1/Mmp24/Vcpip1/Pla2g4a/Usp8/Rasgrp3/Prcp/Pdgfb/Calm2/Psen1/Ehd2/Casp9/Usp4/Lipa/C4b/Ehd4/Dpp4/Cfhr1/Me2/F2/Tnfaip3/Lgmn/Usp14/Cfh/Grb2/Gnb1/Lta4h/F11/Gnai1/Anxa5/Mmp15/Jak3/Plat"
"HALLMARK_KRAS_SIGNALING_UP",253,0.399410956417134,1.29270707502202,0.0014082274302396,0.00609771359940025,"tags=42%, list=31%, signal=30%","Epha6/Hdac9/Prkg1/Akt3/Ephb1/Ano6/Ano4/Rabgap1l/Epha5/Reln/Epha7/Epha4/Kif5c/Btbd3/Zfp277/Nin/Ptprr/Epha3/Sdccag8/Hdac4/Map7/Galnt3/Dnmbp/Cblb/Itgbl1/Spon1/Lcp1/Epb41l3/Snap91/Ephb2/Itgb5/Tph2/Abcb11/Ano2/Prdm1/Akap12/Cab39l/Ano1/Rabgap1/Strn/Usp46/Nrp2/Nr1h4/Pls1/Adgrl4/Ano3/F13a1/Pecam1/Evi5/Etv1/Cbl/Epb41/Strn3/Ets1/Akt2/Abcb4/Itgb6/Adgra3/Hk1/Prrx2/Cpe/Abcb1b/Ptbp3/Itgb3/Abcb5/Epha10/Gucy1a1/Hk2/Gabra1/Ccnd3/Ush1c/Aldh1a1/Nrp1/Gabra2/Scg3/Usp12/Galnt6/Ikzf1/Gm21992/Naip1/Eng/Scg5/Hdac7/Wdr33/Itgb2/Kif5a/Mmp9/Cd82/Kif5b/Pdcd1lg2/Btc/Bpgm/Adam17/Ptgs1/Prkg2/Cfhr1/Aldh2/Tnfaip3/Cfh/Prrx1/Aldh1a3/Snap25/Strn4/Ero1a/Plat/Birc2/Cidea"
"HALLMARK_PROTEIN_SECRETION",114,0.44269362829257,1.38396480988909,0.00283036291304865,0.0108860112040333,"tags=39%, list=23%, signal=31%","Dst/Erbb4/Sh3gl2/Macf1/Sgms1/Abca13/Mon2/Egfr/Kif1b/Ica1/Gnal/Rab31/Abca12/Sec24d/Abca1/Sh3gl3/Rab2a/Tpd52/Abca4/Ap2b1/Atp7b/Scrn1/Adam10/Clcn3/Igf2r/Arfgef2/Vps4b/Dop1b/Cd63/Gbf1/Galc/Arfip1/Dop1a/Abca17/Vps45/Cltc/Rps6ka2/Atp1a4/Arfgef1/Stam/Sec31a/Tom1l1/Inpp5b/Kif1a/Uso1"
"HALLMARK_HEME_METABOLISM",219,0.398409784232556,1.28364436001713,0.00345932430766559,0.0123547296702343,"tags=55%, list=39%, signal=34%","Ank2/Slc7a11/Tns3/Daam1/Btrc/Usp15/Mboat2/Sptbn1/Slc4a4/Epb41l2/Ranbp17/Nek7/Tnrc6b/Rap1gap2/Ppp2r5e/Slc4a10/Tspan5/Add3/Map2k6/Synj2/Epb41l3/Mfhas1/Ank1/Bmp2k/Abcg2/Slc2a3/Arhgef12/Osbp2/Mboat1/Igsf3/Mxi1/Sdcbp/Sptb/Sidt1/Tmcc2/Clcn3/Fbxw11/Lpin1/Lpin2/Endod1/Slc6a11/Tns1/Trak1/Tnrc6c/Fbxo34/Epb41/Psmd9/Agpat3/Slc4a5/Gapvd1/Mark3/Add2/Synj1/Foxo3/Mark2/Mocos/Cdc27/Snca/Pcx/Optn/Atp6v0a4/Ezh2/Trak2/Slc6a6/Mark4/Gm16867/Ccnd3/Phf2/Marchf8/Kdm7a/Hebp1/Sptbn2/Agpat4/Foxj2/Mark1/Sptbn5/Cd101/Ppp2r5a/Rcl1/Xpo7/Marchf2/Myl4/Lpin3/Usp4/Sec14l1/Bpgm/C4b/Rhd/Minpp1/Rnf19a/Prkaa1/Ppp2r5d/Fech/Htatip2/Slc66a2/Cir1/Fn3k/Ctse/Slc6a1/Slc4a8/Sptbn4/Bach1/Picalm/Sec14l5/Ccnd2/Car1/Sptan1/Slc6a12/Dcaf10/Tent5c/Slc4a1/Cat/Ccdc28a/Ezh1/Rap1gap/Slc4a3/Fbxo7/Asns/Nfe2/Tyr"
"HALLMARK_TGF_BETA_SIGNALING",77,0.469179402859648,1.43345621081175,0.00494507246726243,0.0154533514601951,"tags=60%, list=36%, signal=38%","Ltbp1/Pcsk5/Acvr1/Sptbn1/Bmpr1b/Hipk3/Bcar3/Tjp2/Tjp1/Rab31/Pcsk6/Hipk2/Smad3/Ski/Sptb/Acvr1c/Smad6/Bmpr2/Smurf1/Ncor2/Arid4b/Ube2d2a/Ppm1a/Map3k7/Smurf2/Smad9/Slc20a2/Sptbn2/Naip1/Eng/Pmepa1/Sptbn5/Trim24/Tgfbr1/Trim33/Ltbp2/Bmpr1a/Rab22a/Ltbp4/Sptbn4/Furin/Naip5/Hipk1/Ltbp3/Smad2/Thbs4"
"HALLMARK_SPERMATOGENESIS",155,0.412263526869113,1.30987451933508,0.0047219907940994,0.0154533514601951,"tags=55%, list=39%, signal=33%","Dcc/Mast4/Grm8/Grm7/Grm1/Pcsk5/Pacrg/Grm5/Clvs1/Pias2/Map7/Grm3/Zc3h14/Pcsk6/Mllt10/Ide/Tle4/Neo1/Snap91/Braf/Nos1/Mast2/Strbp/Ift88/Mtor/Cnih3/Sycp1/Lpin1/Pias1/Lpin2/Il12rb2/Kif2a/Nos2/Grm4/Stam2/Zpbp/Clpb/Jam3/Agfg1/Art3/Ezh2/Adam2/Cftr/Gmcl1/Mep1b/Raf1/Tle1/Scg3/Tkt/Scg5/Mtnr1b/Nefm/Hspa4l/Lpin3/Dmrt1/Sirt1/Nos3/Ldhc/Adad1/Cct6b/Septin4/Tnni1/Nphp1/Clvs2/Spata6/Vdac3/Furin/Hsph1/Nf2/Ttk/Cdk1/Ddx19b/Hspa4/Canx/Ilf3/Tulp2/Coil/Ezh1/Parp1/Tuba8/Pcsk4/Tuba1c/She/Clgn/Tle3"
"HALLMARK_PI3K_AKT_MTOR_SIGNALING",128,0.428796972508815,1.34928787746451,0.00732461865588345,0.021542996046716,"tags=32%, list=20%, signal=26%","Itpr1/Plcb1/Tiam1/Akt3/Erbb4/Mapk10/Gnaq/Plcb4/Itpr2/Vav3/Acaca/Egfr/Tiam2/Rptor/Fyn/Rit2/Map2k6/Mapkap1/Smad3/Slc2a3/Grk3/Vav2/Cab39l/Creb1/Ptpn11/Gna14/Plcg2/Pik3r1/Pikfyve/Pten/Ube2d2a/Lyn/Akt2/Actr2/Mapk8/Acacb/Irak4/Map3k7/Prkaa2/Cltc/Rps6ka2"
"HALLMARK_HYPOXIA",225,0.37814894664323,1.21853219919861,0.0172726467693573,0.047979574359326,"tags=41%, list=31%, signal=28%","Gpc6/Nedd4l/Prkca/Rora/Erbb4/Ext1/Ppfia2/Jmjd1c/Dtna/Prkcb/Dtnb/Egfr/Kif5c/Large1/Ndst3/Rbpj/Dpysl2/Dpysl3/Xpnpep1/Slc2a3/Tpd52/Mxi1/Pygb/Myh10/Klf7/Atp7b/Bcl2/Akap12/Ndst4/Zfp292/Mgam/Nedd4/Dpys/Pfkm/Lrp8/Kdm3b/Hs3st1/Myh15/Gcnt2/Sdc2/Pgm5/Atf3/Myh13/Ets1/Scarb1/Col5a1/Ppargc1a/Foxo3/Pgm2/Myh11/Hk1/Pygl/Hk2/Gys2/Pfkfb3/Rlf/Phkg1/Kdm3a/Pfkp/Myh9/Csrp2/Tkt/Ndst1/Ppfia1/Myh14/Sdc3/Kif5a/Col11a1/Gck/Ppfia4/Large2/Erbb3/Ppfia3/Sult2a3/Pdgfb/Kif5b/Myh2/Pgm1/Myh8/Myh7b/Tnfaip3/Ldhc/Cited2/Ak4/Car12/Ugp2/Ero1a/Col5a3/Ak3/Chst3/Myh3/Rragd"
"HALLMARK_KRAS_SIGNALING_DN",351,0.355676280632289,1.16200790940294,0.024975024975025,0.0657237499342763,"tags=23%, list=19%, signal=19%","Cdkal1/Dcc/Epha6/Fgfr2/Mast4/Prkn/Cacna1c/Grid2/Grid1/Ryr2/Camk1d/Clstn2/Cacna1d/Kcnd2/Ryr3/Cacna1e/Kcnn2/Ephb1/Kcnq5/Stag1/Dtna/Epha5/Fggy/Epha7/Epha4/Kcnq3/Cpeb3/Dtnb/Sptbn1/Kcnd3/Bmpr1b/Epha3/Cpeb4/Celsr1/Tcf7l1/Cpa2/Kmt2c/Slc16a7/Cacna1a/Tg/Neo1/Zbtb16/Ephb2/Nos1/Abcb11/Kcnn3/Abcg1/Myh10/Sgk1/Brdt/Nr6a1/Sptb/Capn8/Igfbp2/Ryr1/Vps50/Egf/Edar/Fgfr1/Tfap2a/Tgfb2/Myh15/Ypel2/Nos2/Pax3/Capn9/Myh13/Mfsd6/Cacna1b/Zfp808/Capn2/Abcb4/Pax7/Myh11/Kmt2d/Abcb1b/Entpd7/Abcb5/Bard1/Epha10"
"HALLMARK_PANCREAS_BETA_CELLS",45,0.461144509761005,1.35219936283696,0.042,0.105,"tags=51%, list=31%, signal=36%","Elp4/Akt3/Abcc4/Pcsk2/Fap/Pak2/Foxo1/Abcc5/Pak1/Akt2/Abcc9/Pax6/Abcc12/Abcc6/Abcc8/Vdr/Gck/Abcc1/Dpp4/Hnf1a/Abcc3/Sec11a/Syt13"
"HALLMARK_ADIPOGENESIS",225,0.365675859402629,1.17833941653716,0.044955044955045,0.107035821321536,"tags=40%, list=29%, signal=29%","Adcy2/Lama2/Sorbs1/Abca13/Map4k3/Angpt1/Gphn/Lama3/Adcy8/Itga6/Me1/Gpd2/Rreb1/Atl1/Braf/Abca12/Abca1/Adcy1/Enpp3/Adcy7/Abca4/Adcy5/Me3/Ephx2/Col15a1/Enpp1/Col4a1/Lama4/Itsn2/Col4a3/Pfkm/Enpp2/Elovl6/Cox7b2/Adcy3/Pgm5/Gpam/Itih5/Dbt/Map4k5/Scarb1/Agpat3/Sqor/Lama1/Rtn3/Phldb1/Abca17/Ppm1b/Pemt/Ptger3/Pex14/Uck2/Bcl2l13/Por/Pfkfb3/Acly/Decr1/Scp2/Cd36/Hibch/Aldh1a1/Elmod3/Raf1/Nmt2/Ikbkb/Pfkp/Agpat4/Baz2a/Dlat/Pdcd4/Aco2/Atl2/Gpat3/Dnajc15/Chat/Pgm1/Atl3/Gpat4/C4b/Acadl/Ubqln1/Tank/Aplp2/Aldh2/Me2/Adipor2/Mtarc2/Reep5/Aldh1a3/Tspan11"
"HALLMARK_ANGIOGENESIS",43,0.442211905379387,1.28900448020135,0.077,0.175,"tags=42%, list=28%, signal=30%","Fgfr2/App/Vav3/Ptk2/Itga8/Vav2/Nrp2/Ptk2b/Fgfr1/Apoh/Ccnd3/Nrp1/Wdr33/Tnfrsf21/Itgav/Col5a2/Postn/Col1a2"
"HALLMARK_COAGULATION",179,0.356824383540372,1.14101831006065,0.120879120879121,0.241758241758242,"tags=53%, list=41%, signal=31%","Lrp1b/Cpq/Rapgef4/Pcsk5/Usp15/Fbn2/Mmp16/Fyn/Gng12/Lrp6/Fbn1/Pcsk6/Tll1/Fap/Itgb5/Klf7/Lrp1/Capn8/Vwf/Lrp2/C8a/Fn1/Gm19410/Gda/Pecam1/Avil/Prep/Lyn/Capn9/Lrp5/Capn2/Gsn/Tll2/Itgb6/Plek/C6/Cpb2/Itgb3/Cfi/Hnf4g/C8b/Lrp4/Serpina1b/Scin/Adam9/Klkb1/Csrp1/Mmp24/C9/Itgb2/Mmp9/Pdgfb/Casp9/Usp4/C4b/Dpp4/Cfhr1/F2/Lgmn/Cfh/Prss23/Gnb1/Bmp1/Lta4h/F11/Mmp15/C7/Wdr1/Rapgef3/Plat/Dct/Vil1/Mug2/Ctse/Lck/Muc5b/Furin/Fgr/F13b/A2ml1/Thbs4/Cpn1/Src/Cfhr4/Gnb4/Mug1/Dusp14/Gm7298/Pcsk4/Rac1/Blk/Ctss/Plg/Itgb7/Capn5"
"HALLMARK_P53_PATHWAY",194,0.352716850180492,1.13220497506111,0.11988011988012,0.241758241758242,"tags=26%, list=21%, signal=21%","Epha6/Ptprd/Dgkb/Fgf12/Slc7a11/Plxna4/Ephb1/Upp2/App/Epha5/Pvt1/Epha7/Epha4/Pitpnc1/Dgkg/Apaf1/Fgf14/Kif13b/Epha3/Ptpn14/Kif13a/Itch/Zbtb16/Notch2/Ephb2/Acvr1c/Tgfa/Rb1/Tsc22d1/Ptpre/Clca3a1/Ephx1/Wwp2/Atf3/Ptprf/Ptpn21/Foxo3/Steap3/Gls/Clca3b/Clca1/Ppm1d/Sesn1/Ptpra/Epha10/Elp1/Plxna2/Ccnd3/Notch1/Wwp1"
"HALLMARK_ESTROGEN_RESPONSE_LATE",233,0.348806480155541,1.12500365109283,0.112887112887113,0.241758241758242,"tags=44%, list=36%, signal=29%","Fgfr2/Tiam1/Atp2b2/Slc24a3/Tiam2/Farp1/Tjp2/Tjp1/Calcrl/Add3/Rab31/Celsr1/Large1/Fer1l6/Cd44/Unc13c/Scube1/Aff1/Unc13b/Myof/Lamc1/Dnajc1/Chst9/Jak2/Sgk1/Scube2/Prkar2b/Rbbp8/Bcl2/Chst8/Itpk1/Atp2b1/Jak1/Ptpn11/Fkbp5/Dysf/Nrip1/Ncor2/Mapt/Fgfr1/Papss1/Lamc2/Farp2/Ovol2/Mest/Olfm3/Atp2b4/Scarb1/Homer2/Elovl2/Snx10/Add2/Lamc3/Prkar2a/Slc24a4/Frk/Cpe/Ptger3/Dlg5/Rps6ka2/Top2a/Serpina1b/Ccnd3/Calcr/Abhd2/Olfm1/Rabep1/Otof/Pdcd4/Myb/Arl3/Fer1l4/Large2/Sult2a3/Hspa4l/Rps6ka1/Tpd52l1/Slc27a6/Celsr2/Prss23/Ckm/Car12/Celsr3/Rab22a/Jak3/Elovl5/Kcnk5/Pgr/Ugdh/Fer1l5/Tmprss3/Chpt1/Hsph1/Cyp4f40/Sult2b1/Ccnd2/Impa2/Sult2a6/Tspan13/Cdc6/Scarb2/Papss2"
"HALLMARK_IL6_JAK_STAT3_SIGNALING",82,0.383614357254457,1.17650704361539,0.142857142857143,0.255102040816327,"tags=65%, list=45%, signal=36%","Itga9/Cd44/Cblb/Itgb5/Jak2/Stat4/Acvr1c/Lepr/Jak1/Ptpn11/Pdgfc/Cbl/Stam2/Il1r1/Itgb6/Itga4/Itgb3/Pik3r5/Cd36/Ptpn2/Itgb2/Stat3/Tnfrsf21/Tgfbr1/Stat2/Grb2/Il15ra/Il7/Jak3/Il9r/Mug2/Ptpn1/Cd38/Il3ra/A2ml1/Mug1/Il2ra/Il1r2/Gm7298/Dntt/Ifnar1/Fas/Tnfrsf1b/Itgb7/Cxcl9/Csf2rb/Il17ra/Cd9/Acvr1b/Map3k8/Il4ra/Tnfrsf1a/Ifngr1"
"HALLMARK_APOPTOSIS",156,0.357479556938179,1.13652012711591,0.135864135864136,0.255102040816327,"tags=43%, list=35%, signal=28%","Dpyd/Plcb1/Erbb4/Plcb4/App/Egfr/Ptk2/Nedd9/Ppp2r5e/Add3/Cd44/Tgfbr3/Mgmt/Smad6/Pak2/Lef1/Igf2r/Ptk2b/Rock2/Gucy2e/Rock1/Timp2/Tgfb2/Avil/Pak1/Atf3/Gsn/Gsr/Add2/Fez1/Top2a/Ccnd3/Scin/Slc20a2/Plppr4/Naip1/Pdcd4/Ppp2r5a/Bid/Hgf/Dnajc3/Erbb3/Nefm/Gch1/Psen1/Casp9/Psen2/Rarb/Casp2/F2/Rara/Madd/Lmna/Bmf/Ppp2r5d/Plat/Lmnb1/Birc2/Casp8/Ppp3r1/Vil1/Cflar/Dffa/Cd38/Naip5/Brca1/Ccnd2"
"HALLMARK_INFLAMMATORY_RESPONSE",219,0.346363648887839,1.11595588764533,0.137862137862138,0.255102040816327,"tags=37%, list=30%, signal=26%","Pde4d/Ptprd/Pcdh9/Pde4b/Abca13/Pcdh7/Atp2b2/Kif1b/Slc4a4/Mmp16/Fyn/Slc4a10/Calcrl/Lpar1/Abca12/Itgb5/Abca1/Sema4d/Abca4/Itga8/Tacr1/Acvr1c/Nfkb1/Sgms2/Met/Slc1a2/Atp2b1/Ptpre/Mertk/Ros1/Rasgrp1/Lrp8/Abi1/Nlrp1a/Slc7a2/Rnf144a/Npffr2/Slc28a1/Slc7a1/Gnai3/Lyn/Ptprf/Abi2/Atp2b4/Slc4a5/Il1r1/Itgb6/Abca17/Itgb3/Atp2a2/Ptpra/Pik3r5/Acvr2a/Rnf144b/Nox3/Calcr/Itgb8/Ripk2/Kif1a/Adgre1/Tnfrsf9/Mmp24/Itgb2/Cd82/Itgav/Rasgrp3/Gch1/Tgfbr1/Psen1/Tacr3/Slc28a2b/Pcdh1/P2rx7/Il15/Il15ra/Atp2a3/Gnai1/Aqp9/Nlrp1b/Mmp15/Fpr3"
"HALLMARK_PEROXISOME",144,0.355594462061035,1.12461074193534,0.182817182817183,0.31520203933997,"tags=35%, list=29%, signal=25%","Dlg2/Atxn1/Cacna1c/Cadm1/Cacna1d/Cacna1e/Abcc4/Sema3a/Sema3e/Dlg1/Cacna1a/Ide/Hmgcll1/Abcb11/Hsd17b13/Ephx2/Slc23a2/Acsl3/Sema3d/Abcd2/Vps4b/Msh2/Sema3c/Abcc5/Cacna1b/Acsl5/Elovl2/Abcc9/Abcb4/Pabpc4/Abcb1b/Pex14/Abcb5/Top2a/Scp2/Aldh1a1/Abcc12/Abcc6/Abcc8/Acsl1/Slc25a17/Abcd3/Chat/Sult2a3/Abcc1/Cacna1s/Aldh2/Slc27a6/Abcc3/Aldh1a3/Sema3f"
"HALLMARK_ALLOGRAFT_REJECTION",187,0.331130385887465,1.06150465791594,0.287712287712288,0.47952047952048,"tags=41%, list=35%, signal=27%","Hdac9/Prkca/Galnt13/Akt3/Erbb4/Prkcb/Egfr/Fyn/Hdac4/Eif4g3/Cd247/Itgb5/Nos1/Jak2/Tpd52/Ly75/Stat4/Jak1/Pla2r1/Ptpn11/Abi1/Nlrp1a/Bcat1/Tgfb2/Nos2/Lyn/Abi2/Ets1/Akt2/Ube2d1/Ptprc/Mtif2/Itgb6/Galnt1/Flnb/Wasl/Map3k7/Itgb3/Acvr2a/Spi1/Ccnd3/Gbp8/Socs5/Ripk2/Ifnar2/Ikbkb/Zap70/Hdac7/Itgb2/Stat3/Mmp9/Ly86/Cd28/Erbb3/Mrc1/Il16/F2/Il15/Nos3/Il7/Nlrp1b/Jak3/Srgn/Gbp11/Csk/Acvr2b/Ncf4/Mrc2/Lck/Cd4/Brca1/Ccnd2/Bche/Chuk/Gbp2b/Fgr"
"HALLMARK_G2M_CHECKPOINT",199,0.32854922422278,1.05588926589019,0.2997002997003,0.483387580161774,"tags=53%, list=44%, signal=30%","Utrn/Foxn3/Rasal2/Prim2/Kif5c/Fancc/Map3k20/Rps6ka5/Meis1/Meis2/Katnal1/Wrn/Tle4/Notch2/Mnat1/Smad3/Hmga2/Strbp/Tpx2/Pds5a/Dab2ip/Abl2/Nup98/Tnpo1/Egf/Kifc3/Arid4a/Nsd1/Cul3/Slc7a2/Nsd3/Kif2a/Slc7a1/Pds5b/Abl1/Slc38a1/E2f3/Cdc27/Uck2/Cul5/Bard1/Ezh2/Top2a/Dmd/Ccnd3/Smc1b/Notch1/Rbl1/Cenpf/Tle1/Rad23b/Katna1/Ewsr1/Knl1/Kif5a/Cul4a/Tmpo/Upf1/Kif11/Kif20b/Kif5b/Aurkb/Cul1/Cenpe/Chaf1a/H2bc24/Brca2/Ndc80/Hnrnpd/Troap/Casp8ap2/Ss18/Pafah1b1/Ccnd2/Tfdp1/Ttk/Cdc6/Smad2/Exo1/Cdk1/Nolc1/Numa1/Mtf2/Amd1/Smc2/Rad21/Ilf3/Ezh1/Odf2/Tacc3/Tle3/H2az2/Bcl3/Stil/Pole/Kmt5a/Plk4/Nasp/Orc5/Prpf4b/Hnrnpr/Mapk14/Racgap1/Xpo1/Kpnb1/Nusap1"
"HALLMARK_WNT_BETA_CATENIN_SIGNALING",55,0.361142252969867,1.07623082857164,0.363636363636364,0.568181818181818,"tags=44%, list=36%, signal=28%","Hdac9/Hdac4/Rbpj/Notch2/Wnt5b/Numb/Lef1/Ncor2/Gnai3/Csnk1e/Ccnd3/Kat2b/Notch1/Wnt5a/Hdac7/Psen2/Adam17/Cul1/Gnai1/Ppard/Axin1/Ccnd2/Gnai2/Dkk1"
"HALLMARK_BILE_ACID_METABOLISM",138,0.327378937483343,1.03379646760174,0.394605394605395,0.597886961523325,"tags=62%, list=49%, signal=31%","Atxn1/Nedd4l/Abca13/Nr3c2/Fyn/Bcar3/Cyp7b1/Abca12/Abca1/Abcg1/Bmp6/Abca4/Hsd17b13/Ephx2/Slc23a2/Nr1h4/Abcd2/Nedd4/Pfkm/Pnpla8/Lyn/Rdh16/Acsl5/Abca17/Optn/Pex1/Cyp39a1/Abca6/Scp2/Abca8a/Aldh1a1/Acsl1/Ubp1/Pfkp/Abcd3/Pex7/Sult2a3/Aldh2/Abca8b/Abcg8/Slc27a6/Tfcp2/Aldh1a3/Aqp9/Akr1d1/Slco1a5/Abca5/Rxra/Tfcp2l1/Slco1c1/Npc1l1/Slco1a6/Lck/Sult2b1/Sult2a6/Fgr/Acsl6/Gnpat/Src/Abca9/Dhcr24/Cat/Sult2a4/Aldh1b1/Dio1/Blk/Sult2a8/Rxrg/Aldh1a2/Cyp7a1/Slco1a4/Rdh1/Slco1b2/Idh1/Slc27a2/Sult1b1/Slc22a18/Sult2a2/Fads2/Hao1/Hck/Hsd17b6/Sod1/Pex11a/Sult2a5"
"HALLMARK_TNFA_SIGNALING_VIA_NFKB",192,0.313548274321594,1.00598525648569,0.462537462537463,0.680202150790386,"tags=47%, list=43%, signal=27%","Pde4d/Ptprd/Tnr/Pde4b/Abca13/Atp2b2/Sik2/Cd44/Map2k6/Abca12/Abca1/Smad3/Slc2a3/Abca4/Sgk1/Pdlim5/Nfkb1/Atp2b1/Tsc22d1/Ptpre/Zbtb10/Lrp8/Lamb3/Slc16a6/Spsb4/Atf3/Plpp3/Ptprf/Atp2b4/Nr4a3/Kynu/Dennd5b/Abca17/Plek/Ifih1/Dusp1/Ptpra/Pfkfb3/Ccnd3/Ripk2/Dusp5/Dennd5a/Tnfrsf9/Relb/Naip1/Pmepa1/B4galt1/Nfe2l2/Gch1/Spsb1/Ehd2/Per2/Ptgs1/Ehd4/Tank/Cd83/Tnfaip3/B4galt5/Rcan1/Tnc/Il15ra/Rnf19a/Tnxb/Tnn/Birc2/Stat5b/Cflar/Nr4a1/Tnfaip6/Nr4a2/Naip5/Dram1/Rel/Ccnd2/Smad2/Ifit2/Pde4a/Tubb3/Ptprs/Rela/Stat5a/Irs2/Pfkfb4/Bcl3/Pnrc1/Il18/Tnip2/Naip2/Trib1/Naip6/Map3k8"
"HALLMARK_REACTIVE_OXYGEN_SPECIES_PATHWAY",42,0.346155775604274,1.00468539971421,0.496,0.707625707625708,"tags=69%, list=53%, signal=33%","Msra/Fer/Mbp/Ndufs2/Scaf4/Txnrd1/Pfkm/Gsr/Sbno1/Pfkp/Pdlim1/Txnrd3/Ptpa/Stk25/Ercc2/Cat/Prdx6b/Sbno2/Lpo/Glrx2/Prnp/Txnrd2/Gclc/Mpo/Txn1/Sod1/Gclm/Ipcef1/Sod2"
"HALLMARK_GLYCOLYSIS",207,0.309744430454837,0.996564267154134,0.509490509490509,0.707625707625708,"tags=30%, list=28%, signal=22%","Gpc6/Hs6st3/Erbb4/Ext1/Ppfia2/Hs2st1/Slc25a13/Egfr/Xylt1/Slc25a12/Me1/Cd44/Ndst3/Galk2/Dpysl2/Fut8/Dpysl3/Ext2/Mxi1/B3gat2/Pygb/Me3/Met/Tgfa/Cyb5a/Ndst4/Agl/Zfp292/Dpys/Mertk/Pfkm/Lrp8/Tpst1/Gfpt2/Sdc2/Col5a1/Pgm2/Hk1/Pygl/Pcx/Hk2/Gys2/Pfkfb3/Gfpt1/Hdhd2/Rlf/Pfkp/Gne/Tkt/Ndst1/Ppfia1/Sdc3/Col11a1/B4galt1/Ppfia4/Erbb3/Ppfia3/Paxip1/Slc35a3/Me2/Ldhc/Cited2/Ak4"
"HALLMARK_UV_RESPONSE_UP",199,0.306742764779221,0.985807814600834,0.562437562437562,0.76005076005076,"tags=27%, list=25%, signal=20%","Dlg2/Ptprd/Kcnh7/Ntrk2/Pcsk5/Ntrk3/Plcl1/Mmp16/Fyn/Dlg1/Pcsk6/Prkacb/Abcb11/Rab27b/Plcl2/Tacr1/Igfbp2/Ago2/Ptpre/Mertk/Ephx1/Rasgrp1/Slc6a11/Onecut2/Atf3/Lyn/Ptprf/Htr7/Olfm3/Mark3/Abcb4/Ago3/Mark2/Gls/Abcb1b/Ptpra/Rab27a/Abcb5/Slc6a6/Mark4/Ccnd3/Atp6v1c1/Tgfbrap1/Olfm1/Ube2r2/Ppat/Mmp24/Mark1/Fmo1/Bid/Nptxr/Npcd/Rasgrp3/Gch1"
"HALLMARK_NOTCH_SIGNALING",40,0.324890452645281,0.93889806312622,0.622622622622623,0.819240292924503,"tags=12%, list=7%, signal=12%","Prkca/Prkcb/Maml2/Tcf7l2/Notch2"
"HALLMARK_XENOBIOTIC_METABOLISM",269,0.295838496125886,0.960420881757196,0.675324675324675,0.865800865800866,"tags=50%, list=44%, signal=28%","Epha6/Ephb1/Upp2/Esr1/Abcc4/Epha5/Epha7/Epha4/Mthfd1l/Rap1gap2/Epha3/Man1c1/Ddc/Man1a/Ephb2/Ddah1/Mthfd1/Crp/Gadl1/Pdlim5/Cyb5a/Aox3/Man1a2/Abcd2/Lpin1/Ephx1/Lpin2/Tpst1/Slc6a11/Bcat1/Abcc5/Tgfb2/Papss1/Gcnt2/Elovl2/Gsr/Abcc9/Il1r1/Kynu/Aox2/Atp2a2/Enpep/Pemt/Hnf4g/Pcx/Epha10/Por/Slc6a6/Cda/Cd36/Aldh1a1/Abcc12/Abcc6/Abcc8/Adh1/Nmt2/Klkb1/Cyp2j12/Bphl/Fmo1/Aco2/Fbln1/Aox4/Xdh/Gch1/Lpin3/Abcc1/Igf1/Aldh2/Abcc3/Aldh1a3/Acox3/F11/Atp2a3/Slc22a2/Aqp9/Spint2/Pgd/Cyp2c66/Elovl5/Ugdh/Epha2/Npc1l1/Ppard/Slc6a1/Aox1/Epha1/Abcc10/Csad/Cyp4f40/Ccl25/Comt/Papss2/Slc6a12/Gsta1/Fmo2/Abcc2/Cat/Rap1gap/Etfdh/Adh6b/Gsta5/Tyr/Hdc/Aldh3a2/Aldh1b1/Gckr/Fas/Nmt1/Ptgr1/Cyp2j5/Slc22a1/Cyp2c67/Plg/Cyp2j8/Asl/Arg2/Slc35d1/Akr1c14/Smox/Aldh1a2/Tkfc/Pdk4/Cyp2j11/Upp1/Pink1/Pmm1/Gclc/Idh1/Cyp2j6/Ephb3/Tnfrsf1a/Akr1c20/Ephb4/Cyp2c39"
"HALLMARK_E2F_TARGETS",174,0.268950151273393,0.859244470317792,0.885114885114885,1,"tags=56%, list=50%, signal=28%","Diaph3/Prim2/Atad2b/Fhad1/Hmga2/Mms22l/Strbp/Pds5a/Cit/Melk/Prkdc/Msh2/Xrcc6/Nup205/Kif2a/Pds5b/Atad2/Ppm1d/Chek2/Smc6/Bard1/Ezh2/Top2a/Nup153/Mre11a/Smc1b/Nbn/Smc3/Timeless/Tmpo/Snrpn/Rfc1/Pole4/Aurkb/Rad51c/Cenpe/Hells/Rrm2b/Bub1b/Brca2/Brms1l/Diaph2/Luc7l3/Hnrnpd/Ing3/Ipo8/Cbx5/Gins1/Brca1/Ubr7/Pan2/Cdk1/Nolc1/Rad21/Ilf3/Tubb3/Tipin/Rbbp4/Cenpm/Ezh1/Tacc3/Cse1l/H2az2/Dck/Pole/Phf5a/Plk4/Tubg1/E2f8/Nasp/Nap1l1/Pold1/Spag5/Dek/Hnrnpr/Racgap1/Xpo1/Anp32e/Nup107/Ube2s/Rpa1/Tubb1/Gins4/Mybl1/Zw10/Mcm6/Tubg2/Cdca8/Mcm5/Eif2s1/Psip1/Espl1/Syncrip/Dlgap5/Kpna2/Chek1/Shmt1/Tbrg4"
"HALLMARK_MTORC1_SIGNALING",185,0.264261223131014,0.846686697147481,0.91008991008991,1,"tags=40%, list=39%, signal=25%","Slc7a11/Acaca/Rit2/Skap2/Add3/Me1/Map2k6/Niban1/Itgb5/Slc2a3/Sytl2/Me3/Txnrd1/Acsl3/Pik3r1/Pfkm/Lrp8/Bcat1/Ube2d2a/Elovl6/Nup205/Psmd14/Pgm5/Actr2/Elovl2/Gsr/Add2/Acacb/Itgb6/Hk1/Psmd12/Itgb3/Atp2a2/Hk2/Acly/Nmt2/Pfkp/Uso1/Itgb2/Scd2/Ifrd1/Pgm1/Txnrd3/Mthfd2l/Me2/Cct6b/Lgmn/Adipor2/Ak4/Actr3b/Lta4h/Rrm2b/Atp2a3/Ero1a/Sec11a/Scd1/Dapp1/Elovl5/Ak3/Immt/Hkdc1/Tbk1/Pitpna/Nfyc/Gtf2h1/P4ha1/Got1/Gpi1/Pitpnb/Dhcr24/Tuba8/Asns/Sord/Tuba1c"
"HALLMARK_INTERFERON_GAMMA_RESPONSE",203,0.260992473067425,0.839018358719303,0.932067932067932,1,"tags=36%, list=37%, signal=23%","Auts2/Pde4d/Arid5b/Marchf1/Pde4b/Upp2/Ncoa2/Irf2/Ncoa3/Bank1/Itgb5/Jak2/Stat4/Nfkb1/Herc3/St3gal5/Peli2/Jak1/Ptpn11/Epsti1/Pfkm/Samhd1/Itgb6/Itgb3/Ifih1/Adar/Tdrd7/Herc4/Peli1/Gbp8/Ripk2/Ifnar2/Ptpn2/Sppl2a/Pfkp/Itgb2/Stat3/Pla2g4a/Samd9l/Gch1/Bpgm/Ptgs1/Psmb2/Stat2/Rnf213/Cfhr1/Methig1/Il15/Tnfaip3/Cfh/Il15ra/Ripk1/Il7/Jak3/Fpr3/Irf5/Casp8/Gbp11/Herc6/Ddx60/Tnfaip6/Ptpn1/Cd38/Znfx1/Gbp2b/Xaf1/Sp100/Selp/Ifit2/Cfhr4/Lats1/Pde4a/Psma2"
"HALLMARK_DNA_REPAIR",122,0.246389287755267,0.773679390844177,0.949050949050949,1,"tags=43%, list=46%, signal=23%","Adcy2/Pde4d/Pde4b/Usp15/Rev3l/Adcy8/Cstf3/Adcy1/Adcy7/Adcy5/Sdcbp/Ago2/Gsdme/Adcy3/Ago3/Vps37b/Cda/Rad51/Ell/Pole4/Nfx1/Usp4/Mpc2/Ak4/Rrm2b/Pde6h/Tsg101/Nt5c3/Ak3/Ago1/Ddb2/Polr1d/Ercc2/Stx3/Rala/Gtf2h1/Nt5m/Pde4a/Tyms/Polr3c/Polr2f/Ago4/Polh/Bivm/Dguok/Ercc5/Dgcr8/Pold1/Sf3a3/Taf12/Bcam/Aaas"
"HALLMARK_CHOLESTEROL_HOMEOSTASIS",84,0.233435277858691,0.717394082102998,0.959040959040959,1,"tags=26%, list=30%, signal=18%","Abca13/Cpeb4/Antxr2/Niban1/Abca12/Abca1/Abca4/Gldc/Atxn2/Lrp8/Gnai3/Atf3/Abca17/Ethe1/Srebf2/Adh1/Scd2/Acss2/Lgmn/Gnai1/Anxa5/Scd1"
"HALLMARK_FATTY_ACID_METABOLISM",170,0.219769780410197,0.701450419566845,0.992007992007992,1,"tags=69%, list=63%, signal=26%","Rap1gds1/Bmpr1b/Ppara/Me1/Gpd2/Bckdhb/Hmgcll1/Me3/Hsd17b13/Acsl3/Ephx1/Rdh16/Acsl5/Elovl2/Auh/Decr1/Cd36/Hibch/Aldh1a1/Adh1/Nbn/Acsl1/Bphl/Fmo1/Aco2/Chat/Hspa4l/Cpt1a/Acadl/Bmpr1a/Aldh2/Me2/Adipor2/Reep5/Aldh1a3/Elovl5/Cidea/Ugdh/Aadat/Cyp4a12b/Hsph1/Hspa4/Acsl6/Fmo2/Hadh/Dhcr24/Acadm/Prdx6b/Etfdh/Adh6b/Adsl/Aldh3a2/Aldh1b1/H2az2/Suclg1/Metap1/Kmt5a/Aldh1a2/Ncaph2/Rdh1/Sucla2/Trp53inp2/Pcbd2/Idh1/Acot6/Mcee/D2hgdh/Gad1/Hsd17b7/Hsdl2/Dld/Vnn3/Fh1/Hsd17b6/Hmgcs2/Uros/Fmo5/Acox1/Cyp4a12a/Acss1/Hsd17b11/Ldha/Adh5/Blvra/Rdh19/Ube2l6/Ywhag/4930438A08Rik/Cbr3/Acaa2/Cyp1a1/Cyp4a10/Aoc3/Cyp4b1/Cd1d2/Cpt2/Hadhb/Cyp4a30b/Erp29/Cyp4x1/Idh2/Ywhah/Prdx6/Aldh1a7/Rdh7/Aldh3a1/Hao2/Gstz1/Cyp4a29/Gad2/Acat3/Il4i1/Acot5/Hpgd/Eno1/Grhpr/Echs1"
"HALLMARK_INTERFERON_ALPHA_RESPONSE",101,0.214891056678,0.667314752383307,0.991008991008991,1,"tags=59%, list=59%, signal=25%","Oxr1/Irf2/Elf1/Ncoa7/Herc3/Epsti1/Ifih1/Adar/Tdrd7/Herc4/Gmpr/Gbp8/Ripk2/Samd9l/Stat2/Il15/Il7/Casp8/Nub1/Gbp11/Herc6/Ddx60/Trim30d/Gbp2b/Sp100/Ifit2/Tent5c/Gbp3/Trim30a/Nmi/Csf1/Dhx58/Ifi27l2b/Pnpt1/Lgals3bp/Eif2ak2/Oas1f/C1s2/Sp140/Slc25a28/Gbp7/Mov10/Gbp2/Ube2l6/Aen/Mx2/Mx1/Gbp5/Trafd1/Ifi44/Usp18/Trim6/Psme2/C1s1/Oasl1/Casp1/Psma3/Oas1c/Cnp/Oas1a"
"HALLMARK_OXIDATIVE_PHOSPHORYLATION",126,0.189020128258452,0.594234663218704,0.999000999000999,1,"tags=57%, list=58%, signal=24%","Slc25a13/Slc25a12/Ndufs2/Cyb5a/Cox7b2/Cox10/Lrpprc/Ogdh/Pdhx/Acat1/Mfn1/Atp6v0a4/Por/Atp6v1c1/Decr1/Dlat/Aco2/Afg3l2/Cpt1a/Cyb5r3/Atp6v1h/Ndufv2/Mpc1/Cox15/Mtx2/Rhot1/Immt/Ndufa9/Idh3a/Ndufa5/Vdac3/Mtrf1/Atp6v1e1/Sdhb/Etfa/Gpi1/Cox5a/Slc25a3/Acadm/Etfdh/Polr2f/Cox7a2l/Casp7/Suclg1/Oxa1l/Pdk4/Sucla2/Idh1/Fdx1/Atp1b1/Pdp1/Dld/Mrpl35/Fh1/Fxn/Ldha/Atp6v0a2/Hadha/Atp6v1d/Atp6v0a1/Acaa2/Etfb/Cyct/Isca1/Ndufs1/Cs/Cox6b1/Hadhb/Ndufc1/Phyh/Ndufs3/Idh2"
"HALLMARK_MYC_TARGETS_V2",43,0.186835314642948,0.544606679976136,0.987,1,"tags=53%, list=57%, signal=23%","Map3k5/Utp20/Prmt3/Hk1/Hk2/Rrp12/Rcl1/Rabepk/Hkdc1/Nolc1/Pprc1/Sord/Plk4/Slc19a1/Wdr43/Nop2/Mcm5/Tbrg4/Hk3/Nop56/Imp4/Tfb2m/Cbx3"
"HALLMARK_UNFOLDED_PROTEIN_RESPONSE",98,0.172880952645496,0.535750309899201,0.999000999000999,1,"tags=54%, list=60%, signal=22%","Kif5c/Cnot2/Atf6/Exoc2/Cnot4/Ddx10/Eif2ak3/Xpot/Kifc3/Atf3/Wipi1/Sec31a/Kif5a/Dnajc3/Kif5b/Fkbp14/Dctn1/Ero1a/Sec11a/Sdad1/Eif4e/Wipi2/Ywhaz/Ern1/Nolc1/Tubb3/Zbtb17/Asns/Bag3/Nfyb/Exosc10/Aldh18a1/Tubb1/Eftud2/Pop4/Gosr2/Eif4a3l1/Eif2s1/Nop14/Sec11c/Cks1brt/Slc1a4/Psat1/Eif4a3/Yif1b/Nop56/Kdelr2/Nfya/Exosc1/Dnaja4/Nabp1/Eif4ebp2/Eif4a1"
"HALLMARK_MYC_TARGETS_V1",160,0.147228661012636,0.468174277581941,1,1,"tags=52%, list=58%, signal=22%","Srpk2/Xpot/Ywhae/Xrcc6/Psmd14/Psmd1/Fam120a/Pabpc4/Dhx35/Serbp1/Dhx38/Cps1/Psma6/Hnrnpc/Dhx8/Rad23b/Ube2l3/Pwp1/Ifrd1/Psmb2/Cul1/Eif4e/Hnrnpd/Cct3/Vdac3/Pabpc1l/Srpk1/Tfdp1/Cox5a/Eif3b/Nolc1/Ssb/Ddx50/Slc25a3/Psma2/Tyms/Eif3j1/Eif1a/H2az2/Psma8/Ncbp1/Uba2/Sf3a1/Cct4/Txnl4a/Eif1ad12/Stard7/Cct7/Cct2/Nap1l1/Dek/Hnrnpr/Xpo1/Kpnb1/Ruvbl2/Ddx21/Hdac1/Trim28/Mcm6/Abce1/Eif3d/Mcm5/Eif2s1/Syncrip/Kpna2/Dhx15/Snrpb2/Psmc6/Ldha/Pabpc1/Snrpd3/Ywhaq/Eif4h/Mcm7/Cad/Ppm1g/Cops5/Clns1a/Nop56/Prpf31/Cbx3/Snrpd1/Dut"
